2026-08-30 17:20:16,504 [INFO] === 札幌市中央区 情報収集 開始 ===
2026-08-30 17:20:16,513 [INFO] 手動登録イベント: 3件
2026-08-30 17:20:16,513 [INFO] 既存データ 0 件を最新の分類基準で再判定しました
2026-08-30 17:20:16,514 [INFO] --- 情報源: satsuibe ---
2026-08-30 17:20:17,763 [INFO] サツイベ: 1ページ目 25件
2026-08-30 17:20:18,682 [INFO] サツイベ: 2ページ目 14件
2026-08-30 17:20:19,539 [INFO] サツイベ: 3ページ目 12件
2026-08-30 17:20:20,309 [INFO] サツイベ: 4ページ目 3件
2026-08-30 17:20:21,153 [INFO] サツイベ: 5ページ目 0件
2026-08-30 17:20:21,153 [INFO] --- 情報源: chikaho ---
2026-08-30 17:20:21,607 [INFO] チ・カ・ホ: 0件
2026-08-30 17:20:21,607 [INFO] --- 情報源: cube_garden ---
2026-08-30 17:20:21,919 [INFO] cube garden: 2件（日付らしき記載がある行のみ抽出。要目視確認）
2026-08-30 17:20:21,919 [INFO] --- 情報源: walkerplus_live ---
2026-08-30 17:20:22,716 [INFO] ウォーカープラス(音楽): 7件チェック（メジャー会場/ツアー語句一致のみ後で採用）
2026-08-30 17:20:22,716 [INFO] --- 情報源: walkerplus_anime ---
2026-08-30 17:20:23,085 [INFO] ウォーカープラス(アニメ): 0件チェック（原画展/POP UP等の語句一致のみ後で採用）
2026-08-30 17:20:23,085 [INFO] --- 情報源: eventernote_major ---
2026-08-30 17:20:31,380 [INFO] イベンターノート(主要会場): 300件チェック
2026-08-30 17:20:31,380 [INFO] --- 情報源: mitsukoshi ---
2026-08-30 17:20:32,622 [INFO] 札幌三越(催事): 8件
2026-08-30 17:20:32,622 [INFO] --- 情報源: maruiimai ---
2026-08-30 17:20:32,846 [INFO] 丸井今井札幌本店(催事): 6件
2026-08-30 17:20:32,846 [INFO] --- 情報源: movie_theaters ---
2026-08-30 17:21:11,743 [INFO] 映画館(上映中): 58件（うちアニメ映画と判定: 8件）
2026-08-30 17:21:11,744 [INFO] 映画館(上映中) 取得タイトル一覧: ['劇場版 魔法少女まどか☆マギカ 〈ワルプルギスの廻天〉', 'ラスト・サバイバー', '時には懺悔を', 'シェルター', '私はあなたを知らない、', 'ハリー・ポッターと賢者の石', 'レンタル家族', 'ウォーターガーディアンズ', 'オークストリートの異変', 'あの星が降る丘で、君とまた出会いたい。', 'ミニオンズ＆モンスターズ', 'ブルーロック', '映画クレヨンしんちゃん 奇々怪々！オラの妖怪バケ～ション', 'モアナと伝説の海', '開戦前夜', 'スパイダーマン：ブランド・ニュー・デイ', '映画ちいかわ 人魚の島のひみつ', 'パウ・パトロール ザ・ダイノ・ムービー', 'キングダム 魂の決戦', 'トイ・ストーリー５', '『時をかける少女』4K', 'Michael／マイケル', '平行と垂直', '見えない娘 THE INVISIBLES', '劇場版 TUBE 40th Anniversary Live & Documentary 〜40周年の航海記〜', '王様戦隊キングオージャー フィルム・コンサート in シネマ', '八仙！', 'クラプトン・フェスティヴァル第3部「エリック・クラプトン：ライヴ・アット・ステイプルズ・センター2001」', 'グレイ・ミッション', 'ドラマなふたり', 'ムカデ人間 4K', 'しらぬひ', 'アニメ「幻想水滸伝」第1話〜第3話 <2週間先行プレミアム上映>', '機動警察パトレイバー EZY File2', 'レディ・オア・ノット２', '山下達郎 シアター・ライヴ PERFORMANCE 1984-2012', 'だぁれかさんとアソぼ？', '口に関するアンケート', '悲しくて美しい世界／THIS IS SPARKLEHORSE', '猫を放つ', '素敵すぎて素敵すぎて素敵すぎる', 'POCA PON ポカポン', '大統領のケーキ', '恐怖分子', '叛逆のサウンドトラック', '雲と大地のはざまで', 'ストップ・メイキング・センス 4Kレストア', '藍反射', 'ナイトボーン -夜哭-', 'ヒトラーの毒見役', '白パンと独裁者', 'プライベート・ケース', '急に具合が悪くなる', 'Katy Perry: THE LIFETIMES TOUR - LIVE FROM PARIS TOHOシネマズ', 'ゴジラ×モスラ×メカゴジラ 東京SOS TOHOシネマズ', '機動戦士ガンダムSEED FREEDOM／少年とガンダム 機動戦士ガンダム50周年 -Road to 50- プロローグムービー TOHOシネマズ', '八月の声を運ぶ男 TOHOシネマズ', 'ヒプノシスマイク -Division Rap Battle- TOHOシネマズ']
2026-08-30 17:21:11,745 [INFO] --- 情報源: upcoming_movies ---
2026-08-30 17:21:13,176 [INFO] ユナイテッドシネマ公式(公開予定): 44件
2026-08-30 17:21:13,489 [INFO] TOHOシネマズすすきの公式(公開予定): 18件
2026-08-30 17:21:14,781 [INFO] 映画館(公開予定・公式優先): 47件（うちアニメ映画と判定: 6件）
2026-08-30 17:21:14,781 [INFO] --- 情報源: manual ---
2026-08-30 17:21:14,782 [INFO] 手動登録イベント: 3件
2026-08-30 17:21:14,793 [INFO] 新着 411 件を保存しました → C:\Users\user\sapporo-events-site\data\new_2026-08-30.csv
2026-08-30 17:21:14,804 [INFO] HTMLレポートを更新しました → C:\Users\user\sapporo-events-site\data\index.html
2026-08-30 17:21:14,805 [INFO] チェック件数(延べ): 508 / 対象カテゴリ一致: 446 / 新着: 411 / AI判定利用: 0件(無効:GEMINI_API_KEY未設定)
2026-08-30 17:21:14,806 [INFO] === 完了 ===
2026-08-30 17:36:30,332 [INFO] === 札幌市中央区 情報収集 開始 ===
2026-08-30 17:36:30,343 [INFO] 手動登録イベント: 3件
2026-08-30 17:36:30,380 [INFO] 既存データ 411 件を最新の分類基準で再判定しました
2026-08-30 17:36:30,381 [INFO] --- 情報源: satsuibe ---
2026-08-30 17:36:32,827 [INFO] サツイベ: 1ページ目 25件
2026-08-30 17:36:33,730 [INFO] サツイベ: 2ページ目 14件
2026-08-30 17:36:34,561 [INFO] サツイベ: 3ページ目 12件
2026-08-30 17:36:35,374 [INFO] サツイベ: 4ページ目 3件
2026-08-30 17:36:38,562 [INFO] サツイベ: 5ページ目 0件
2026-08-30 17:36:38,563 [INFO] --- 情報源: chikaho ---
2026-08-30 17:36:39,035 [INFO] チ・カ・ホ: 0件
2026-08-30 17:36:39,036 [INFO] --- 情報源: cube_garden ---
2026-08-30 17:36:39,334 [INFO] cube garden: 2件（日付らしき記載がある行のみ抽出。要目視確認）
2026-08-30 17:36:39,335 [INFO] --- 情報源: walkerplus_live ---
2026-08-30 17:36:39,654 [INFO] ウォーカープラス(音楽): 7件チェック（メジャー会場/ツアー語句一致のみ後で採用）
2026-08-30 17:36:39,654 [INFO] --- 情報源: walkerplus_anime ---
2026-08-30 17:36:39,796 [INFO] ウォーカープラス(アニメ): 0件チェック（原画展/POP UP等の語句一致のみ後で採用）
2026-08-30 17:36:39,796 [INFO] --- 情報源: eventernote_major ---
2026-08-30 17:36:43,490 [INFO] イベンターノート(主要会場): 300件チェック
2026-08-30 17:36:43,491 [INFO] --- 情報源: mitsukoshi ---
2026-08-30 17:36:43,690 [INFO] 札幌三越(催事): 8件
2026-08-30 17:36:43,690 [INFO] --- 情報源: maruiimai ---
2026-08-30 17:36:43,919 [INFO] 丸井今井札幌本店(催事): 6件
2026-08-30 17:36:43,919 [INFO] --- 情報源: movie_theaters ---
2026-08-30 17:36:53,308 [INFO] 映画館(上映中): 58件（うちアニメ映画と判定: 8件）
2026-08-30 17:36:53,308 [INFO] 映画館(上映中) 取得タイトル一覧: ['劇場版 魔法少女まどか☆マギカ 〈ワルプルギスの廻天〉', 'ラスト・サバイバー', '時には懺悔を', 'シェルター', '私はあなたを知らない、', 'ハリー・ポッターと賢者の石', 'レンタル家族', 'ウォーターガーディアンズ', 'オークストリートの異変', 'あの星が降る丘で、君とまた出会いたい。', 'ミニオンズ＆モンスターズ', 'ブルーロック', '映画クレヨンしんちゃん 奇々怪々！オラの妖怪バケ～ション', 'モアナと伝説の海', '開戦前夜', 'スパイダーマン：ブランド・ニュー・デイ', '映画ちいかわ 人魚の島のひみつ', 'パウ・パトロール ザ・ダイノ・ムービー', 'キングダム 魂の決戦', 'トイ・ストーリー５', '『時をかける少女』4K', 'Michael／マイケル', '平行と垂直', '見えない娘 THE INVISIBLES', '劇場版 TUBE 40th Anniversary Live & Documentary 〜40周年の航海記〜', '王様戦隊キングオージャー フィルム・コンサート in シネマ', '八仙！', 'クラプトン・フェスティヴァル第3部「エリック・クラプトン：ライヴ・アット・ステイプルズ・センター2001」', 'グレイ・ミッション', 'ドラマなふたり', 'ムカデ人間 4K', 'しらぬひ', 'アニメ「幻想水滸伝」第1話〜第3話 <2週間先行プレミアム上映>', '機動警察パトレイバー EZY File2', 'レディ・オア・ノット２', '山下達郎 シアター・ライヴ PERFORMANCE 1984-2012', 'だぁれかさんとアソぼ？', '口に関するアンケート', '悲しくて美しい世界／THIS IS SPARKLEHORSE', '猫を放つ', '素敵すぎて素敵すぎて素敵すぎる', 'POCA PON ポカポン', '大統領のケーキ', '恐怖分子', '叛逆のサウンドトラック', '雲と大地のはざまで', 'ストップ・メイキング・センス 4Kレストア', '藍反射', 'ナイトボーン -夜哭-', 'ヒトラーの毒見役', '白パンと独裁者', 'プライベート・ケース', '急に具合が悪くなる', 'Katy Perry: THE LIFETIMES TOUR - LIVE FROM PARIS TOHOシネマズ', 'ゴジラ×モスラ×メカゴジラ 東京SOS TOHOシネマズ', '機動戦士ガンダムSEED FREEDOM／少年とガンダム 機動戦士ガンダム50周年 -Road to 50- プロローグムービー TOHOシネマズ', '八月の声を運ぶ男 TOHOシネマズ', 'ヒプノシスマイク -Division Rap Battle- TOHOシネマズ']
2026-08-30 17:36:53,309 [INFO] --- 情報源: upcoming_movies ---
2026-08-30 17:36:53,635 [INFO] ユナイテッドシネマ公式(公開予定): 44件
2026-08-30 17:36:53,851 [INFO] TOHOシネマズすすきの公式(公開予定): 18件
2026-08-30 17:36:54,906 [INFO] 映画館(公開予定・公式優先): 47件（うちアニメ映画と判定: 6件）
2026-08-30 17:36:54,906 [INFO] --- 情報源: manual ---
2026-08-30 17:36:54,907 [INFO] 手動登録イベント: 3件
2026-08-30 17:36:54,914 [INFO] 新着情報はありませんでした。
2026-08-30 17:36:54,925 [INFO] HTMLレポートを更新しました → C:\Users\user\sapporo-events-site\data\index.html
2026-08-30 17:36:54,927 [INFO] チェック件数(延べ): 508 / 対象カテゴリ一致: 446 / 新着: 0 / AI判定利用: 0件(無効:GEMINI_API_KEY未設定)
2026-08-30 17:36:54,928 [INFO] === 完了 ===
2026-08-30 17:39:44,028 [INFO] === 札幌市中央区 情報収集 開始 ===
2026-08-30 17:39:44,058 [INFO] 手動登録イベント: 3件
2026-08-30 17:39:44,080 [INFO] 既存データ 411 件を最新の分類基準で再判定しました
2026-08-30 17:39:44,081 [INFO] --- 情報源: satsuibe ---
2026-08-30 17:39:45,362 [INFO] サツイベ: 1ページ目 25件
2026-08-30 17:39:46,217 [INFO] サツイベ: 2ページ目 14件
2026-08-30 17:39:47,190 [INFO] サツイベ: 3ページ目 12件
2026-08-30 17:39:47,995 [INFO] サツイベ: 4ページ目 3件
2026-08-30 17:39:48,829 [INFO] サツイベ: 5ページ目 0件
2026-08-30 17:39:48,829 [INFO] --- 情報源: chikaho ---
2026-08-30 17:39:49,310 [INFO] チ・カ・ホ: 0件
2026-08-30 17:39:49,310 [INFO] --- 情報源: cube_garden ---
2026-08-30 17:39:49,618 [INFO] cube garden: 2件（日付らしき記載がある行のみ抽出。要目視確認）
2026-08-30 17:39:49,618 [INFO] --- 情報源: walkerplus_live ---
2026-08-30 17:39:49,959 [INFO] ウォーカープラス(音楽): 7件チェック（メジャー会場/ツアー語句一致のみ後で採用）
2026-08-30 17:39:49,960 [INFO] --- 情報源: walkerplus_anime ---
2026-08-30 17:39:50,111 [INFO] ウォーカープラス(アニメ): 0件チェック（原画展/POP UP等の語句一致のみ後で採用）
2026-08-30 17:39:50,111 [INFO] --- 情報源: eventernote_major ---
2026-08-30 17:39:53,085 [INFO] イベンターノート(主要会場): 300件チェック
2026-08-30 17:39:53,085 [INFO] --- 情報源: mitsukoshi ---
2026-08-30 17:39:53,322 [INFO] 札幌三越(催事): 8件
2026-08-30 17:39:53,323 [INFO] --- 情報源: maruiimai ---
2026-08-30 17:39:53,569 [INFO] 丸井今井札幌本店(催事): 6件
2026-08-30 17:39:53,570 [INFO] --- 情報源: movie_theaters ---
2026-08-30 17:40:06,458 [INFO] 映画館(上映中): 58件（うちアニメ映画と判定: 8件）
2026-08-30 17:40:06,459 [INFO] 映画館(上映中) 取得タイトル一覧: ['劇場版 魔法少女まどか☆マギカ 〈ワルプルギスの廻天〉', 'ラスト・サバイバー', '時には懺悔を', 'シェルター', '私はあなたを知らない、', 'ハリー・ポッターと賢者の石', 'レンタル家族', 'ウォーターガーディアンズ', 'オークストリートの異変', 'あの星が降る丘で、君とまた出会いたい。', 'ミニオンズ＆モンスターズ', 'ブルーロック', '映画クレヨンしんちゃん 奇々怪々！オラの妖怪バケ～ション', 'モアナと伝説の海', '開戦前夜', 'スパイダーマン：ブランド・ニュー・デイ', '映画ちいかわ 人魚の島のひみつ', 'パウ・パトロール ザ・ダイノ・ムービー', 'キングダム 魂の決戦', 'トイ・ストーリー５', '『時をかける少女』4K', 'Michael／マイケル', '平行と垂直', '見えない娘 THE INVISIBLES', '劇場版 TUBE 40th Anniversary Live & Documentary 〜40周年の航海記〜', '王様戦隊キングオージャー フィルム・コンサート in シネマ', '八仙！', 'クラプトン・フェスティヴァル第3部「エリック・クラプトン：ライヴ・アット・ステイプルズ・センター2001」', 'グレイ・ミッション', 'ドラマなふたり', 'ムカデ人間 4K', 'しらぬひ', 'アニメ「幻想水滸伝」第1話〜第3話 <2週間先行プレミアム上映>', '機動警察パトレイバー EZY File2', 'レディ・オア・ノット２', '山下達郎 シアター・ライヴ PERFORMANCE 1984-2012', 'だぁれかさんとアソぼ？', '口に関するアンケート', '悲しくて美しい世界／THIS IS SPARKLEHORSE', '猫を放つ', '素敵すぎて素敵すぎて素敵すぎる', 'POCA PON ポカポン', '大統領のケーキ', '恐怖分子', '叛逆のサウンドトラック', '雲と大地のはざまで', 'ストップ・メイキング・センス 4Kレストア', '藍反射', 'ナイトボーン -夜哭-', 'ヒトラーの毒見役', '白パンと独裁者', 'プライベート・ケース', '急に具合が悪くなる', 'Katy Perry: THE LIFETIMES TOUR - LIVE FROM PARIS TOHOシネマズ', 'ゴジラ×モスラ×メカゴジラ 東京SOS TOHOシネマズ', '機動戦士ガンダムSEED FREEDOM／少年とガンダム 機動戦士ガンダム50周年 -Road to 50- プロローグムービー TOHOシネマズ', '八月の声を運ぶ男 TOHOシネマズ', 'ヒプノシスマイク -Division Rap Battle- TOHOシネマズ']
2026-08-30 17:40:06,460 [INFO] --- 情報源: upcoming_movies ---
2026-08-30 17:40:07,729 [INFO] ユナイテッドシネマ公式(公開予定): 44件
2026-08-30 17:40:08,077 [INFO] TOHOシネマズすすきの公式(公開予定): 18件
2026-08-30 17:40:08,987 [INFO] 映画館(公開予定・公式優先): 47件（うちアニメ映画と判定: 6件）
2026-08-30 17:40:08,987 [INFO] --- 情報源: manual ---
2026-08-30 17:40:08,988 [INFO] 手動登録イベント: 3件
2026-08-30 17:40:09,010 [INFO] 新着情報はありませんでした。
2026-08-30 17:40:09,066 [INFO] HTMLレポートを更新しました → C:\Users\user\sapporo-events-site\data\index.html
2026-08-30 17:40:09,068 [INFO] チェック件数(延べ): 508 / 対象カテゴリ一致: 446 / 新着: 0 / AI判定利用: 0件(無効:GEMINI_API_KEY未設定)
2026-08-30 17:40:09,068 [INFO] === 完了 ===
2026-08-30 17:46:14,339 [INFO] === 札幌市中央区 情報収集 開始 ===
2026-08-30 17:46:14,364 [INFO] 手動登録イベント: 3件
2026-08-30 17:46:14,392 [INFO] 既存データ 411 件を最新の分類基準で再判定しました
2026-08-30 17:46:14,393 [INFO] --- 情報源: satsuibe ---
2026-08-30 17:46:15,931 [INFO] サツイベ: 1ページ目 25件
2026-08-30 17:46:18,320 [INFO] サツイベ: 2ページ目 15件
2026-08-30 17:46:19,218 [INFO] サツイベ: 3ページ目 12件
2026-08-30 17:46:20,089 [INFO] サツイベ: 4ページ目 3件
2026-08-30 17:46:21,006 [INFO] サツイベ: 5ページ目 0件
2026-08-30 17:46:21,007 [INFO] --- 情報源: chikaho ---
2026-08-30 17:46:21,488 [INFO] チ・カ・ホ: 0件
2026-08-30 17:46:21,489 [INFO] --- 情報源: cube_garden ---
2026-08-30 17:46:21,821 [INFO] cube garden: 2件（日付らしき記載がある行のみ抽出。要目視確認）
2026-08-30 17:46:21,821 [INFO] --- 情報源: walkerplus_live ---
2026-08-30 17:46:22,159 [INFO] ウォーカープラス(音楽): 7件チェック（メジャー会場/ツアー語句一致のみ後で採用）
2026-08-30 17:46:22,159 [INFO] --- 情報源: walkerplus_anime ---
2026-08-30 17:46:22,301 [INFO] ウォーカープラス(アニメ): 0件チェック（原画展/POP UP等の語句一致のみ後で採用）
2026-08-30 17:46:22,302 [INFO] --- 情報源: eventernote_major ---
2026-08-30 17:46:25,305 [INFO] イベンターノート(主要会場): 300件チェック
2026-08-30 17:46:25,306 [INFO] --- 情報源: mitsukoshi ---
2026-08-30 17:46:26,401 [INFO] 札幌三越(催事): 8件
2026-08-30 17:46:26,401 [INFO] --- 情報源: maruiimai ---
2026-08-30 17:46:26,681 [INFO] 丸井今井札幌本店(催事): 6件
2026-08-30 17:46:26,681 [INFO] --- 情報源: movie_theaters ---
2026-08-30 17:46:36,931 [INFO] 映画館(上映中): 58件（うちアニメ映画と判定: 8件）
2026-08-30 17:46:36,931 [INFO] 映画館(上映中) 取得タイトル一覧: ['劇場版 魔法少女まどか☆マギカ 〈ワルプルギスの廻天〉', 'ラスト・サバイバー', '時には懺悔を', 'シェルター', '私はあなたを知らない、', 'ハリー・ポッターと賢者の石', 'レンタル家族', 'ウォーターガーディアンズ', 'オークストリートの異変', 'あの星が降る丘で、君とまた出会いたい。', 'ミニオンズ＆モンスターズ', 'ブルーロック', '映画クレヨンしんちゃん 奇々怪々！オラの妖怪バケ～ション', 'モアナと伝説の海', '開戦前夜', 'スパイダーマン：ブランド・ニュー・デイ', '映画ちいかわ 人魚の島のひみつ', 'パウ・パトロール ザ・ダイノ・ムービー', 'キングダム 魂の決戦', 'トイ・ストーリー５', '『時をかける少女』4K', 'Michael／マイケル', '平行と垂直', '見えない娘 THE INVISIBLES', '劇場版 TUBE 40th Anniversary Live & Documentary 〜40周年の航海記〜', '王様戦隊キングオージャー フィルム・コンサート in シネマ', '八仙！', 'クラプトン・フェスティヴァル第3部「エリック・クラプトン：ライヴ・アット・ステイプルズ・センター2001」', 'グレイ・ミッション', 'ドラマなふたり', 'ムカデ人間 4K', 'しらぬひ', 'アニメ「幻想水滸伝」第1話〜第3話 <2週間先行プレミアム上映>', '機動警察パトレイバー EZY File2', 'レディ・オア・ノット２', '山下達郎 シアター・ライヴ PERFORMANCE 1984-2012', 'だぁれかさんとアソぼ？', '口に関するアンケート', '悲しくて美しい世界／THIS IS SPARKLEHORSE', '猫を放つ', '素敵すぎて素敵すぎて素敵すぎる', 'POCA PON ポカポン', '大統領のケーキ', '恐怖分子', '叛逆のサウンドトラック', '雲と大地のはざまで', 'ストップ・メイキング・センス 4Kレストア', '藍反射', 'ナイトボーン -夜哭-', 'ヒトラーの毒見役', '白パンと独裁者', 'プライベート・ケース', '急に具合が悪くなる', 'Katy Perry: THE LIFETIMES TOUR - LIVE FROM PARIS TOHOシネマズ', 'ゴジラ×モスラ×メカゴジラ 東京SOS TOHOシネマズ', '機動戦士ガンダムSEED FREEDOM／少年とガンダム 機動戦士ガンダム50周年 -Road to 50- プロローグムービー TOHOシネマズ', '八月の声を運ぶ男 TOHOシネマズ', 'ヒプノシスマイク -Division Rap Battle- TOHOシネマズ']
2026-08-30 17:46:36,932 [INFO] --- 情報源: upcoming_movies ---
2026-08-30 17:46:38,187 [INFO] ユナイテッドシネマ公式(公開予定): 44件
2026-08-30 17:46:38,457 [INFO] TOHOシネマズすすきの公式(公開予定): 18件
2026-08-30 17:46:39,377 [INFO] 映画館(公開予定・公式優先): 47件（うちアニメ映画と判定: 6件）
2026-08-30 17:46:39,377 [INFO] --- 情報源: manual ---
2026-08-30 17:46:39,377 [INFO] 手動登録イベント: 3件
2026-08-30 17:46:39,384 [INFO] 新着情報はありませんでした。
2026-08-30 17:46:39,393 [INFO] HTMLレポートを更新しました → C:\Users\user\sapporo-events-site\data\index.html
2026-08-30 17:46:39,395 [INFO] チェック件数(延べ): 509 / 対象カテゴリ一致: 446 / 新着: 0 / AI判定利用: 0件(無効:GEMINI_API_KEY未設定)
2026-08-30 17:46:39,395 [INFO] === 完了 ===
2026-08-30 17:53:22,845 [INFO] === 札幌市中央区 情報収集 開始 ===
2026-08-30 17:53:22,854 [INFO] DBを新バージョン形式にマイグレーションしました（links列を追加）
2026-08-30 17:53:22,855 [INFO] 手動登録イベント: 3件
2026-08-30 17:53:22,895 [INFO] 既存データ 411 件を最新の分類基準で再判定しました
2026-08-30 17:53:22,896 [INFO] --- 情報源: satsuibe ---
2026-08-30 17:53:25,448 [INFO] サツイベ: 1ページ目 25件
2026-08-30 17:53:27,869 [INFO] サツイベ: 2ページ目 14件
2026-08-30 17:53:30,327 [INFO] サツイベ: 3ページ目 12件
2026-08-30 17:53:32,653 [INFO] サツイベ: 4ページ目 3件
2026-08-30 17:53:34,991 [INFO] サツイベ: 5ページ目 0件
2026-08-30 17:53:34,991 [INFO] --- 情報源: chikaho ---
2026-08-30 17:53:36,877 [INFO] チ・カ・ホ: 0件
2026-08-30 17:53:36,878 [INFO] --- 情報源: cube_garden ---
2026-08-30 17:53:38,679 [INFO] cube garden: 2件（日付らしき記載がある行のみ抽出。要目視確認）
2026-08-30 17:53:38,679 [INFO] --- 情報源: walkerplus_live ---
2026-08-30 17:53:41,988 [INFO] ウォーカープラス(音楽): 7件チェック（メジャー会場/ツアー語句一致のみ後で採用）
2026-08-30 17:53:41,989 [INFO] --- 情報源: walkerplus_anime ---
2026-08-30 17:53:43,669 [INFO] ウォーカープラス(アニメ): 0件チェック（原画展/POP UP等の語句一致のみ後で採用）
2026-08-30 17:53:43,669 [INFO] --- 情報源: eventernote_major ---
2026-08-30 17:54:01,857 [INFO] イベンターノート(主要会場): 300件チェック
2026-08-30 17:54:01,865 [INFO] --- 情報源: mitsukoshi ---
2026-08-30 17:54:03,701 [INFO] 札幌三越(催事): 8件
2026-08-30 17:54:03,702 [INFO] --- 情報源: maruiimai ---
2026-08-30 17:54:05,485 [INFO] 丸井今井札幌本店(催事): 6件
2026-08-30 17:54:05,485 [INFO] --- 情報源: movie_theaters ---
2026-08-30 17:56:03,041 [INFO] 映画館(上映中): 58件（うちアニメ映画と判定: 8件）
2026-08-30 17:56:03,045 [INFO] 映画館(上映中) 取得タイトル一覧: ['劇場版 魔法少女まどか☆マギカ 〈ワルプルギスの廻天〉', 'ラスト・サバイバー', '時には懺悔を', 'シェルター', '私はあなたを知らない、', 'ハリー・ポッターと賢者の石', 'レンタル家族', 'ウォーターガーディアンズ', 'オークストリートの異変', 'あの星が降る丘で、君とまた出会いたい。', 'ミニオンズ＆モンスターズ', 'ブルーロック', '映画クレヨンしんちゃん 奇々怪々！オラの妖怪バケ～ション', 'モアナと伝説の海', '開戦前夜', 'スパイダーマン：ブランド・ニュー・デイ', '映画ちいかわ 人魚の島のひみつ', 'パウ・パトロール ザ・ダイノ・ムービー', 'キングダム 魂の決戦', 'トイ・ストーリー５', '『時をかける少女』4K', 'Michael／マイケル', '平行と垂直', '見えない娘 THE INVISIBLES', '劇場版 TUBE 40th Anniversary Live & Documentary 〜40周年の航海記〜', '王様戦隊キングオージャー フィルム・コンサート in シネマ', '八仙！', 'クラプトン・フェスティヴァル第3部「エリック・クラプトン：ライヴ・アット・ステイプルズ・センター2001」', 'グレイ・ミッション', 'ドラマなふたり', 'ムカデ人間 4K', 'しらぬひ', 'アニメ「幻想水滸伝」第1話〜第3話 <2週間先行プレミアム上映>', '機動警察パトレイバー EZY File2', 'レディ・オア・ノット２', '山下達郎 シアター・ライヴ PERFORMANCE 1984-2012', 'だぁれかさんとアソぼ？', '口に関するアンケート', '悲しくて美しい世界／THIS IS SPARKLEHORSE', '猫を放つ', '素敵すぎて素敵すぎて素敵すぎる', 'POCA PON ポカポン', '大統領のケーキ', '恐怖分子', '叛逆のサウンドトラック', '雲と大地のはざまで', 'ストップ・メイキング・センス 4Kレストア', '藍反射', 'ナイトボーン -夜哭-', 'ヒトラーの毒見役', '白パンと独裁者', 'プライベート・ケース', '急に具合が悪くなる', 'Katy Perry: THE LIFETIMES TOUR - LIVE FROM PARIS TOHOシネマズ', 'ゴジラ×モスラ×メカゴジラ 東京SOS TOHOシネマズ', '機動戦士ガンダムSEED FREEDOM／少年とガンダム 機動戦士ガンダム50周年 -Road to 50- プロローグムービー TOHOシネマズ', '八月の声を運ぶ男 TOHOシネマズ', 'ヒプノシスマイク -Division Rap Battle- TOHOシネマズ']
2026-08-30 17:56:03,046 [INFO] --- 情報源: upcoming_movies ---
2026-08-30 17:56:10,911 [INFO] 映画館(公開予定): 2件（うちアニメ映画と判定: 0件）
2026-08-30 17:56:10,912 [INFO] --- 情報源: manual ---
2026-08-30 17:56:10,914 [INFO] 手動登録イベント: 3件
2026-08-30 17:56:12,137 [INFO] 新着情報はありませんでした。
2026-08-30 17:56:12,252 [INFO] HTMLレポートを更新しました → C:\Users\user\sapporo-events-site\data\index.html
2026-08-30 17:56:12,274 [INFO] チェック件数(延べ): 440 / 対象カテゴリ一致: 378 / 新着: 0 / AI判定利用: 0件(無効:GEMINI_API_KEY未設定)
2026-08-30 17:56:12,275 [INFO] === 完了 ===
2026-08-30 18:01:38,969 [INFO] === 札幌市中央区 情報収集 開始 ===
2026-08-30 18:01:38,991 [INFO] 手動登録イベント: 3件
2026-08-30 18:01:39,064 [INFO] 既存データ 411 件を最新の分類基準で再判定しました
2026-08-30 18:01:39,065 [INFO] --- 情報源: satsuibe ---
2026-08-30 18:01:41,893 [INFO] サツイベ: 1ページ目 25件
2026-08-30 18:01:44,249 [INFO] サツイベ: 2ページ目 14件
2026-08-30 18:01:46,631 [INFO] サツイベ: 3ページ目 12件
2026-08-30 18:01:50,301 [INFO] サツイベ: 4ページ目 3件
2026-08-30 18:01:52,597 [INFO] サツイベ: 5ページ目 0件
2026-08-30 18:01:52,597 [INFO] --- 情報源: chikaho ---
2026-08-30 18:01:54,554 [INFO] チ・カ・ホ: 0件
2026-08-30 18:01:54,554 [INFO] --- 情報源: cube_garden ---
2026-08-30 18:01:56,397 [INFO] cube garden: 2件（日付らしき記載がある行のみ抽出。要目視確認）
2026-08-30 18:01:56,398 [INFO] --- 情報源: walkerplus_live ---
2026-08-30 18:01:59,736 [INFO] ウォーカープラス(音楽): 7件チェック（メジャー会場/ツアー語句一致のみ後で採用）
2026-08-30 18:01:59,736 [INFO] --- 情報源: walkerplus_anime ---
2026-08-30 18:02:01,376 [INFO] ウォーカープラス(アニメ): 0件チェック（原画展/POP UP等の語句一致のみ後で採用）
2026-08-30 18:02:01,377 [INFO] --- 情報源: eventernote_major ---
2026-08-30 18:02:19,614 [INFO] イベンターノート(主要会場): 300件チェック
2026-08-30 18:02:19,614 [INFO] --- 情報源: mitsukoshi ---
2026-08-30 18:02:21,350 [INFO] 札幌三越(催事): 8件
2026-08-30 18:02:21,350 [INFO] --- 情報源: maruiimai ---
2026-08-30 18:02:23,166 [INFO] 丸井今井札幌本店(催事): 6件
2026-08-30 18:02:23,167 [INFO] --- 情報源: movie_theaters ---
2026-08-30 18:04:07,732 [INFO] 映画館(上映中): 58件（うちアニメ映画と判定: 8件）
2026-08-30 18:04:07,733 [INFO] 映画館(上映中) 取得タイトル一覧: ['劇場版 魔法少女まどか☆マギカ 〈ワルプルギスの廻天〉', 'ラスト・サバイバー', '時には懺悔を', 'シェルター', '私はあなたを知らない、', 'ハリー・ポッターと賢者の石', 'レンタル家族', 'ウォーターガーディアンズ', 'オークストリートの異変', 'あの星が降る丘で、君とまた出会いたい。', 'ミニオンズ＆モンスターズ', 'ブルーロック', '映画クレヨンしんちゃん 奇々怪々！オラの妖怪バケ～ション', 'モアナと伝説の海', '開戦前夜', 'スパイダーマン：ブランド・ニュー・デイ', '映画ちいかわ 人魚の島のひみつ', 'パウ・パトロール ザ・ダイノ・ムービー', 'キングダム 魂の決戦', 'トイ・ストーリー５', '『時をかける少女』4K', 'Michael／マイケル', '平行と垂直', '見えない娘 THE INVISIBLES', '劇場版 TUBE 40th Anniversary Live & Documentary 〜40周年の航海記〜', '王様戦隊キングオージャー フィルム・コンサート in シネマ', '八仙！', 'クラプトン・フェスティヴァル第3部「エリック・クラプトン：ライヴ・アット・ステイプルズ・センター2001」', 'グレイ・ミッション', 'ドラマなふたり', 'ムカデ人間 4K', 'しらぬひ', 'アニメ「幻想水滸伝」第1話〜第3話 <2週間先行プレミアム上映>', '機動警察パトレイバー EZY File2', 'レディ・オア・ノット２', '山下達郎 シアター・ライヴ PERFORMANCE 1984-2012', 'だぁれかさんとアソぼ？', '口に関するアンケート', '悲しくて美しい世界／THIS IS SPARKLEHORSE', '猫を放つ', '素敵すぎて素敵すぎて素敵すぎる', 'POCA PON ポカポン', '大統領のケーキ', '恐怖分子', '叛逆のサウンドトラック', '雲と大地のはざまで', 'ストップ・メイキング・センス 4Kレストア', '藍反射', 'ナイトボーン -夜哭-', 'ヒトラーの毒見役', '白パンと独裁者', 'プライベート・ケース', '急に具合が悪くなる', 'Katy Perry: THE LIFETIMES TOUR - LIVE FROM PARIS TOHOシネマズ', 'ゴジラ×モスラ×メカゴジラ 東京SOS TOHOシネマズ', '機動戦士ガンダムSEED FREEDOM／少年とガンダム 機動戦士ガンダム50周年 -Road to 50- プロローグムービー TOHOシネマズ', '八月の声を運ぶ男 TOHOシネマズ', 'ヒプノシスマイク -Division Rap Battle- TOHOシネマズ']
2026-08-30 18:04:07,734 [INFO] --- 情報源: upcoming_movies ---
2026-08-30 18:04:14,771 [INFO] 映画館(公開予定): 2件（うちアニメ映画と判定: 0件）
2026-08-30 18:04:14,772 [INFO] 映画館(公開予定) フィルタ前の全件(95件): [('劇場版 魔法少女まどか☆マギカ 〈ワルプルギスの廻天〉', '2026年8月28日公開'), ('ラスト・サバイバー', '2026年8月28日公開'), ('時には懺悔を', '2026年8月28日公開'), ('シェルター', '2026年8月28日公開'), ('私はあなたを知らない、', '2026年8月28日公開'), ('ハリー・ポッターと賢者の石', '2001年12月1日公開'), ('レンタル家族', '2025年12月6日公開'), ('ウォーターガーディアンズ', '2026年8月21日公開'), ('オークストリートの異変', '2026年8月14日公開'), ('あの星が降る丘で、君とまた出会いたい。', '2026年8月7日公開'), ('ミニオンズ＆モンスターズ', '2026年8月7日公開'), ('ブルーロック', '2026年8月7日公開'), ('映画クレヨンしんちゃん 奇々怪々！オラの妖怪バケ～ション', '2026年7月31日公開'), ('モアナと伝説の海', '2026年7月31日公開'), ('開戦前夜', '2026年7月31日公開'), ('スパイダーマン：ブランド・ニュー・デイ', '2026年7月31日公開'), ('映画ちいかわ 人魚の島のひみつ', '2026年7月24日公開'), ('パウ・パトロール ザ・ダイノ・ムービー', '2026年7月24日公開'), ('キングダム 魂の決戦', '2026年7月17日公開'), ('トイ・ストーリー５', '2026年7月3日公開'), ('『時をかける少女』4K', '2026年7月3日公開'), ('Michael／マイケル', '2026年6月12日公開'), ('白鳥とコウモリ', '2026年9月4日公開'), ('映画 九条の大罪', '2027年1月8日公開'), ('オデュッセイア', '2026年9月11日公開'), ('劇場版 魔法少女まどか☆マギカ 〈ワルプルギスの廻天〉', '2026年8月28日公開'), ('ラスト・サバイバー', '2026年8月28日公開'), ('時には懺悔を', '2026年8月28日公開'), ('私はあなたを知らない、', '2026年8月28日公開'), ('平行と垂直', '2026年8月28日公開'), ('見えない娘 THE INVISIBLES', '2026年8月28日公開'), ('劇場版 TUBE 40th Anniversary Live & Documentary 〜40周年の航海記〜', '2026年8月28日公開'), ('クラプトン・フェスティヴァル第3部「エリック・クラプトン：ライヴ・アット・ステイプルズ・センター2001」', '2026年8月28日公開'), ('グレイ・ミッション', '2026年8月21日公開'), ('ドラマなふたり', '2026年8月21日公開'), ('ムカデ人間 4K', '2026年8月21日公開'), ('ドラキュラ(1992)', '1992年12月19日公開'), ('しらぬひ', '2026年8月21日公開'), ('オークストリートの異変', '2026年8月14日公開'), ('機動警察パトレイバー EZY File2', '2026年8月14日公開'), ('レディ・オア・ノット２', '2026年8月14日公開'), ('山下達郎 シアター・ライヴ PERFORMANCE 1984-2012', '2012年8月25日公開'), ('あの星が降る丘で、君とまた出会いたい。', '2026年8月7日公開'), ('ミニオンズ＆モンスターズ', '2026年8月7日公開'), ('ブルーロック', '2026年8月7日公開'), ('スパイダーマン：ブランド・ニュー・デイ', '2026年7月31日公開'), ('映画クレヨンしんちゃん 奇々怪々！オラの妖怪バケ～ション', '2026年7月31日公開'), ('モアナと伝説の海', '2026年7月31日公開'), ('開戦前夜', '2026年7月31日公開'), ('映画ちいかわ 人魚の島のひみつ', '2026年7月24日公開'), ('だぁれかさんとアソぼ？', '2026年7月24日公開'), ('キングダム 魂の決戦', '2026年7月17日公開'), ('トイ・ストーリー５', '2026年7月3日公開'), ('口に関するアンケート', '2026年7月3日公開'), ('Michael／マイケル', '2026年6月12日公開'), ('白鳥とコウモリ', '2026年9月4日公開'), ('映画 九条の大罪', '2027年1月8日公開'), ('オデュッセイア', '2026年9月11日公開'), ('素敵すぎて素敵すぎて素敵すぎる', '2025年9月27日公開'), ('POCA PON ポカポン', '2026年5月9日公開'), ('大統領のケーキ', '2026年7月10日公開'), ('恐怖分子', '1996年4月26日公開'), ('ストップ・メイキング・センス 4Kレストア', '2024年2月2日公開'), ('藍反射', '2026年3月6日公開'), ('ナイトボーン -夜哭-', '2026年8月28日公開'), ('ヒトラーの毒見役', '2026年7月31日公開'), ('白パンと独裁者', '2026年8月7日公開'), ('プライベート・ケース', '2026年7月24日公開'), ('急に具合が悪くなる', '2026年6月19日公開'), ('白鳥とコウモリ', '2026年9月4日公開'), ('映画 九条の大罪', '2027年1月8日公開'), ('オデュッセイア', '2026年9月11日公開'), ('ラスト・サバイバー', '2026年8月28日公開'), ('時には懺悔を', '2026年8月28日公開'), ('シェルター', '2026年8月28日公開'), ('ハリー・ポッターと賢者の石', '2001年12月1日公開'), ('ゴジラ×モスラ×メカゴジラ\u3000東京SOS', '2003年12月13日公開'), ('劇場版 魔法少女まどか☆マギカ 〈ワルプルギスの廻天〉', '2026年8月28日公開'), ('八月の声を運ぶ男', '2026年8月21日公開'), ('オークストリートの異変', '2026年8月14日公開'), ('あの星が降る丘で、君とまた出会いたい。', '2026年8月7日公開'), ('ミニオンズ＆モンスターズ', '2026年8月7日公開'), ('ブルーロック', '2026年8月7日公開'), ('スパイダーマン：ブランド・ニュー・デイ', '2026年7月31日公開'), ('映画クレヨンしんちゃん 奇々怪々！オラの妖怪バケ～ション', '2026年7月31日公開'), ('モアナと伝説の海', '2026年7月31日公開'), ('映画ちいかわ 人魚の島のひみつ', '2026年7月24日公開'), ('パウ・パトロール ザ・ダイノ・ムービー', '2026年7月24日公開'), ('キングダム 魂の決戦', '2026年7月17日公開'), ('トイ・ストーリー５', '2026年7月3日公開'), ('Michael／マイケル', '2026年6月12日公開'), ('ヒプノシスマイク -Division Rap Battle-', '2025年2月21日公開'), ('白鳥とコウモリ', '2026年9月4日公開'), ('映画 九条の大罪', '2027年1月8日公開'), ('オデュッセイア', '2026年9月11日公開')]
2026-08-30 18:04:14,775 [INFO] --- 情報源: manual ---
2026-08-30 18:04:14,775 [INFO] 手動登録イベント: 3件
2026-08-30 18:04:14,787 [INFO] 新着情報はありませんでした。
2026-08-30 18:04:14,805 [INFO] HTMLレポートを更新しました → C:\Users\user\sapporo-events-site\data\index.html
2026-08-30 18:04:14,808 [INFO] チェック件数(延べ): 440 / 対象カテゴリ一致: 378 / 新着: 0 / AI判定利用: 0件(無効:GEMINI_API_KEY未設定)
2026-08-30 18:04:14,808 [INFO] === 完了 ===
2026-08-30 23:29:14,085 [INFO] === 札幌市中央区 情報収集 開始 ===
2026-08-30 23:29:14,093 [INFO] 手動登録イベント: 3件
2026-08-30 23:29:14,181 [INFO] 既存データ 411 件を最新の分類基準で再判定しました
2026-08-30 23:29:14,182 [INFO] --- 情報源: satsuibe ---
2026-08-30 23:29:16,930 [INFO] サツイベ: 1ページ目 25件
2026-08-30 23:29:19,857 [INFO] サツイベ: 2ページ目 14件
2026-08-30 23:29:22,225 [INFO] サツイベ: 3ページ目 12件
2026-08-30 23:29:24,564 [INFO] サツイベ: 4ページ目 3件
2026-08-30 23:29:26,887 [INFO] サツイベ: 5ページ目 0件
2026-08-30 23:29:26,887 [INFO] --- 情報源: chikaho ---
2026-08-30 23:29:28,838 [INFO] チ・カ・ホ: 0件
2026-08-30 23:29:28,838 [INFO] --- 情報源: cube_garden ---
2026-08-30 23:29:30,656 [INFO] cube garden: 2件（日付らしき記載がある行のみ抽出。要目視確認）
2026-08-30 23:29:30,656 [INFO] --- 情報源: walkerplus_live ---
2026-08-30 23:29:34,458 [INFO] ウォーカープラス(音楽): 7件チェック（メジャー会場/ツアー語句一致のみ後で採用）
2026-08-30 23:29:34,458 [INFO] --- 情報源: walkerplus_anime ---
2026-08-30 23:29:36,358 [INFO] ウォーカープラス(アニメ): 0件チェック（原画展/POP UP等の語句一致のみ後で採用）
2026-08-30 23:29:36,358 [INFO] --- 情報源: eventernote_major ---
2026-08-30 23:29:54,672 [INFO] イベンターノート(主要会場): 300件チェック
2026-08-30 23:29:54,673 [INFO] --- 情報源: mitsukoshi ---
2026-08-30 23:29:56,383 [INFO] 札幌三越(催事): 8件
2026-08-30 23:29:56,383 [INFO] --- 情報源: maruiimai ---
2026-08-30 23:29:58,106 [INFO] 丸井今井札幌本店(催事): 6件
2026-08-30 23:29:58,106 [INFO] --- 情報源: movie_theaters ---
2026-08-30 23:31:50,462 [INFO] 映画館(上映中): 58件（うちアニメ映画と判定: 8件）
2026-08-30 23:31:50,463 [INFO] 映画館(上映中) 取得タイトル一覧: ['劇場版 魔法少女まどか☆マギカ 〈ワルプルギスの廻天〉', 'ラスト・サバイバー', '時には懺悔を', 'シェルター', '私はあなたを知らない、', 'ハリー・ポッターと賢者の石', 'レンタル家族', 'ウォーターガーディアンズ', 'オークストリートの異変', 'あの星が降る丘で、君とまた出会いたい。', 'ミニオンズ＆モンスターズ', 'ブルーロック', '映画クレヨンしんちゃん 奇々怪々！オラの妖怪バケ～ション', 'モアナと伝説の海', '開戦前夜', 'スパイダーマン：ブランド・ニュー・デイ', '映画ちいかわ 人魚の島のひみつ', 'パウ・パトロール ザ・ダイノ・ムービー', 'キングダム 魂の決戦', 'トイ・ストーリー５', '『時をかける少女』4K', 'Michael／マイケル', '平行と垂直', '見えない娘 THE INVISIBLES', '劇場版 TUBE 40th Anniversary Live & Documentary 〜40周年の航海記〜', '王様戦隊キングオージャー フィルム・コンサート in シネマ', '八仙！', 'クラプトン・フェスティヴァル第3部「エリック・クラプトン：ライヴ・アット・ステイプルズ・センター2001」', 'グレイ・ミッション', 'ドラマなふたり', 'ムカデ人間 4K', 'しらぬひ', 'アニメ「幻想水滸伝」第1話〜第3話 <2週間先行プレミアム上映>', '機動警察パトレイバー EZY File2', 'レディ・オア・ノット２', '山下達郎 シアター・ライヴ PERFORMANCE 1984-2012', 'だぁれかさんとアソぼ？', '口に関するアンケート', '悲しくて美しい世界／THIS IS SPARKLEHORSE', '猫を放つ', '素敵すぎて素敵すぎて素敵すぎる', 'POCA PON ポカポン', '大統領のケーキ', '恐怖分子', '叛逆のサウンドトラック', '雲と大地のはざまで', 'ストップ・メイキング・センス 4Kレストア', '藍反射', 'ナイトボーン -夜哭-', 'ヒトラーの毒見役', '白パンと独裁者', 'プライベート・ケース', '急に具合が悪くなる', 'Katy Perry: THE LIFETIMES TOUR - LIVE FROM PARIS TOHOシネマズ', 'ゴジラ×モスラ×メカゴジラ 東京SOS TOHOシネマズ', '機動戦士ガンダムSEED FREEDOM／少年とガンダム 機動戦士ガンダム50周年 -Road to 50- プロローグムービー TOHOシネマズ', '八月の声を運ぶ男 TOHOシネマズ', 'ヒプノシスマイク -Division Rap Battle- TOHOシネマズ']
2026-08-30 23:31:50,463 [INFO] --- 情報源: upcoming_movies ---
2026-08-30 23:32:22,989 [ERROR] upcoming_movies の収集中にエラー: NOT NULL constraint failed: events.event_key
2026-08-30 23:32:22,989 [INFO] --- 情報源: manual ---
2026-08-30 23:32:22,990 [INFO] 手動登録イベント: 3件
2026-08-30 23:32:22,996 [INFO] 新着情報はありませんでした。
2026-08-30 23:32:23,006 [INFO] HTMLレポートを更新しました → C:\Users\user\sapporo-events-site\data\index.html
2026-08-30 23:32:23,007 [INFO] チェック件数(延べ): 439 / 対象カテゴリ一致: 377 / 新着: 0 / AI判定利用: 0件(無効:GEMINI_API_KEY未設定)
2026-08-30 23:32:23,007 [INFO] === 完了 ===
2026-09-01 18:13:49,895 [INFO] === 札幌市中央区 情報収集 開始 ===
2026-09-01 18:13:49,901 [INFO] 手動登録イベント: 3件
2026-09-01 18:13:49,966 [INFO] 既存データ 411 件を最新の分類基準で再判定しました
2026-09-01 18:13:49,966 [INFO] --- 情報源: satsuibe ---
2026-09-01 18:13:54,453 [INFO] サツイベ: 1ページ目 26件
2026-09-01 18:13:56,831 [INFO] サツイベ: 2ページ目 15件
2026-09-01 18:13:59,171 [INFO] サツイベ: 3ページ目 13件
2026-09-01 18:14:01,498 [INFO] サツイベ: 4ページ目 2件
2026-09-01 18:14:03,868 [INFO] サツイベ: 5ページ目 0件
2026-09-01 18:14:03,868 [INFO] --- 情報源: chikaho ---
2026-09-01 18:14:06,085 [INFO] チ・カ・ホ: 0件
2026-09-01 18:14:06,085 [INFO] --- 情報源: cube_garden ---
2026-09-01 18:14:07,907 [INFO] cube garden: 2件（日付らしき記載がある行のみ抽出。要目視確認）
2026-09-01 18:14:07,908 [INFO] --- 情報源: walkerplus_live ---
2026-09-01 18:14:11,238 [INFO] ウォーカープラス(音楽): 7件チェック（メジャー会場/ツアー語句一致のみ後で採用）
2026-09-01 18:14:11,239 [INFO] --- 情報源: walkerplus_anime ---
2026-09-01 18:14:12,872 [INFO] ウォーカープラス(アニメ): 0件チェック（原画展/POP UP等の語句一致のみ後で採用）
2026-09-01 18:14:12,873 [INFO] --- 情報源: eventernote_major ---
2026-09-01 18:14:31,498 [INFO] イベンターノート(主要会場): 300件チェック
2026-09-01 18:14:31,498 [INFO] --- 情報源: mitsukoshi ---
2026-09-01 18:14:33,316 [INFO] 札幌三越(催事): 6件
2026-09-01 18:14:33,317 [INFO] --- 情報源: maruiimai ---
2026-09-01 18:14:35,098 [INFO] 丸井今井札幌本店(催事): 3件
2026-09-01 18:14:35,099 [INFO] --- 情報源: movie_theaters ---
2026-09-01 18:16:17,965 [INFO] 映画館(上映中): 57件（うちアニメ映画と判定: 8件）
2026-09-01 18:16:17,969 [INFO] 映画館(上映中) 取得タイトル一覧: ['劇場版 魔法少女まどか☆マギカ 〈ワルプルギスの廻天〉', 'ラスト・サバイバー', '時には懺悔を', 'シェルター', '私はあなたを知らない、', 'ハリー・ポッターと賢者の石', 'レンタル家族', 'ウォーターガーディアンズ', 'オークストリートの異変', 'あの星が降る丘で、君とまた出会いたい。', 'ミニオンズ＆モンスターズ', 'ブルーロック', '映画クレヨンしんちゃん 奇々怪々！オラの妖怪バケ～ション', 'モアナと伝説の海', '開戦前夜', 'スパイダーマン：ブランド・ニュー・デイ', '映画ちいかわ 人魚の島のひみつ', 'パウ・パトロール ザ・ダイノ・ムービー', 'キングダム 魂の決戦', 'トイ・ストーリー５', '『時をかける少女』4K', 'Michael／マイケル', '平行と垂直', '劇場版 TUBE 40th Anniversary Live & Documentary 〜40周年の航海記〜', '見えない娘 THE INVISIBLES', '王様戦隊キングオージャー フィルム・コンサート in シネマ', '八仙！', 'クラプトン・フェスティヴァル第3部「エリック・クラプトン：ライヴ・アット・ステイプルズ・センター2001」', 'グレイ・ミッション', 'ドラマなふたり', 'ムカデ人間 4K', 'しらぬひ', 'アニメ「幻想水滸伝」第1話〜第3話 <2週間先行プレミアム上映>', '機動警察パトレイバー EZY File2', 'レディ・オア・ノット２', '山下達郎 シアター・ライヴ PERFORMANCE 1984-2012', 'だぁれかさんとアソぼ？', '口に関するアンケート', '悲しくて美しい世界／THIS IS SPARKLEHORSE', '猫を放つ', '素敵すぎて素敵すぎて素敵すぎる', 'POCA PON ポカポン', '大統領のケーキ', '恐怖分子', '叛逆のサウンドトラック', '雲と大地のはざまで', 'ストップ・メイキング・センス 4Kレストア', 'ナイトボーン -夜哭-', 'ヒトラーの毒見役', '白パンと独裁者', 'プライベート・ケース', '急に具合が悪くなる', 'Katy Perry: THE LIFETIMES TOUR - LIVE FROM PARIS TOHOシネマズ', 'ゴジラ×モスラ×メカゴジラ 東京SOS TOHOシネマズ', '機動戦士ガンダムSEED FREEDOM／少年とガンダム 機動戦士ガンダム50周年 -Road to 50- プロローグムービー TOHOシネマズ', '八月の声を運ぶ男 TOHOシネマズ', 'ヒプノシスマイク -Division Rap Battle- TOHOシネマズ']
2026-09-01 18:16:17,975 [INFO] --- 情報源: upcoming_movies ---
2026-09-01 18:16:35,652 [ERROR] upcoming_movies の収集中にエラー: NOT NULL constraint failed: events.event_key
2026-09-01 18:16:35,652 [INFO] --- 情報源: manual ---
2026-09-01 18:16:35,653 [INFO] 手動登録イベント: 3件
2026-09-01 18:16:35,660 [INFO] 新着情報はありませんでした。
2026-09-01 18:16:35,670 [INFO] HTMLレポートを更新しました → C:\Users\user\sapporo-events-site\data\index.html
2026-09-01 18:16:35,671 [INFO] チェック件数(延べ): 435 / 対象カテゴリ一致: 371 / 新着: 0 / AI判定利用: 0件(無効:GEMINI_API_KEY未設定)
2026-09-01 18:16:35,672 [INFO] === 完了 ===
2026-09-01 18:20:17,816 [INFO] === 札幌市中央区 情報収集 開始 ===
2026-09-01 18:20:17,835 [INFO] DBを新バージョン形式にマイグレーションしました（blurb列を追加）
2026-09-01 18:20:17,840 [INFO] DBを新バージョン形式にマイグレーションしました（links列を追加）
2026-09-01 18:20:17,841 [INFO] 手動登録イベント: 3件
2026-09-01 18:20:17,841 [INFO] 既存データ 0 件を最新の分類基準で再判定しました
2026-09-01 18:20:17,841 [INFO] --- 情報源: satsuibe ---
2026-09-01 18:20:20,606 [INFO] サツイベ: 1ページ目 26件
2026-09-01 18:20:23,029 [INFO] サツイベ: 2ページ目 15件
2026-09-01 18:20:27,038 [INFO] サツイベ: 3ページ目 13件
2026-09-01 18:20:30,616 [INFO] サツイベ: 4ページ目 2件
2026-09-01 18:20:33,003 [INFO] サツイベ: 5ページ目 0件
2026-09-01 18:20:33,003 [INFO] --- 情報源: chikaho ---
2026-09-01 18:20:34,937 [INFO] チ・カ・ホ: 0件
2026-09-01 18:20:34,938 [INFO] --- 情報源: cube_garden ---
2026-09-01 18:20:36,767 [INFO] cube garden: 2件（日付らしき記載がある行のみ抽出。要目視確認）
2026-09-01 18:20:36,768 [INFO] --- 情報源: walkerplus_live ---
2026-09-01 18:20:40,119 [INFO] ウォーカープラス(音楽): 7件チェック（メジャー会場/ツアー語句一致のみ後で採用）
2026-09-01 18:20:40,120 [INFO] --- 情報源: walkerplus_anime ---
2026-09-01 18:20:41,767 [INFO] ウォーカープラス(アニメ): 0件チェック（原画展/POP UP等の語句一致のみ後で採用）
2026-09-01 18:20:41,768 [INFO] --- 情報源: eventernote_major ---
2026-09-01 18:21:00,246 [INFO] イベンターノート(主要会場): 300件チェック
2026-09-01 18:21:00,246 [INFO] --- 情報源: mitsukoshi ---
2026-09-01 18:21:02,020 [INFO] 札幌三越(催事): 6件
2026-09-01 18:21:02,020 [INFO] --- 情報源: maruiimai ---
2026-09-01 18:21:03,758 [INFO] 丸井今井札幌本店(催事): 3件
2026-09-01 18:21:03,758 [INFO] --- 情報源: movie_theaters ---
2026-09-01 18:22:46,981 [INFO] 映画館(上映中): 57件（うちアニメ映画と判定: 8件）
2026-09-01 18:22:46,982 [INFO] 映画館(上映中) 取得タイトル一覧: ['劇場版 魔法少女まどか☆マギカ 〈ワルプルギスの廻天〉', 'ラスト・サバイバー', '時には懺悔を', 'シェルター', '私はあなたを知らない、', 'ハリー・ポッターと賢者の石', 'レンタル家族', 'ウォーターガーディアンズ', 'オークストリートの異変', 'あの星が降る丘で、君とまた出会いたい。', 'ミニオンズ＆モンスターズ', 'ブルーロック', '映画クレヨンしんちゃん 奇々怪々！オラの妖怪バケ～ション', 'モアナと伝説の海', '開戦前夜', 'スパイダーマン：ブランド・ニュー・デイ', '映画ちいかわ 人魚の島のひみつ', 'パウ・パトロール ザ・ダイノ・ムービー', 'キングダム 魂の決戦', 'トイ・ストーリー５', '『時をかける少女』4K', 'Michael／マイケル', '平行と垂直', '劇場版 TUBE 40th Anniversary Live & Documentary 〜40周年の航海記〜', '見えない娘 THE INVISIBLES', '王様戦隊キングオージャー フィルム・コンサート in シネマ', '八仙！', 'クラプトン・フェスティヴァル第3部「エリック・クラプトン：ライヴ・アット・ステイプルズ・センター2001」', 'グレイ・ミッション', 'ドラマなふたり', 'ムカデ人間 4K', 'しらぬひ', 'アニメ「幻想水滸伝」第1話〜第3話 <2週間先行プレミアム上映>', '機動警察パトレイバー EZY File2', 'レディ・オア・ノット２', '山下達郎 シアター・ライヴ PERFORMANCE 1984-2012', 'だぁれかさんとアソぼ？', '口に関するアンケート', '悲しくて美しい世界／THIS IS SPARKLEHORSE', '猫を放つ', '素敵すぎて素敵すぎて素敵すぎる', 'POCA PON ポカポン', '大統領のケーキ', '恐怖分子', '叛逆のサウンドトラック', '雲と大地のはざまで', 'ストップ・メイキング・センス 4Kレストア', 'ナイトボーン -夜哭-', 'ヒトラーの毒見役', '白パンと独裁者', 'プライベート・ケース', '急に具合が悪くなる', 'Katy Perry: THE LIFETIMES TOUR - LIVE FROM PARIS TOHOシネマズ', 'ゴジラ×モスラ×メカゴジラ 東京SOS TOHOシネマズ', '機動戦士ガンダムSEED FREEDOM／少年とガンダム 機動戦士ガンダム50周年 -Road to 50- プロローグムービー TOHOシネマズ', '八月の声を運ぶ男 TOHOシネマズ', 'ヒプノシスマイク -Division Rap Battle- TOHOシネマズ']
2026-09-01 18:22:46,982 [INFO] --- 情報源: upcoming_movies ---
2026-09-01 18:23:03,550 [INFO] 映画館(公開予定): 115件（うちアニメ映画と判定: 6件）
2026-09-01 18:23:03,551 [INFO] 映画館(公開予定) フィルタ前の全件(145件): [('バックルームズ', '2026年9月4日', ''), ('白鳥とコウモリ', '2026年9月4日', ''), ('『獣兵衛忍風帖』4K', '2026年9月4日', 'アニメ／時代劇'), ('ヒンド・ラジャブの声', '2026年9月4日', ''), ('猫たちと7000マイルの旅', '2026年9月4日', ''), ('冴えないボクと映えるキミ', '2026年9月4日', ''), ('ベベフィン・ザ・ムービー：うたとまほうのピンキッツワールド', '2026年9月4日', ''), ('SEKIRO: NO DEFEAT', '2026年9月4日', ''), ('THE RIBBON HERO リボンヒーロー', '2026年9月4日', ''), ('グルスポングの奇跡', '2026年9月4日', ''), ('ハルバーシュタットの埋蔵金', '2026年9月4日', ''), ('ホーム スイート ホーム', '2026年9月4日', ''), ('ラブ・ライズ', '2026年9月4日', ''), ('イミノウム', '2026年9月4日', ''), ('劇場版 THE ALFEE 3000PREMIUM トラベリングバンドが刻んだ3000本の奇跡と軌跡', '2026年9月4日', ''), ('戦場0地点', '2026年9月4日', ''), ('スワロウテイル 4Kリマスター', '2026年9月4日', ''), ('6DAYS', '2026年9月4日', ''), ('GUN FISH\u3000あなたの知らないフグの世界', '2026年9月4日', ''), ('温泉シャーク2  九州大決戦', '2026年9月4日', ''), ('白鳥とコウモリ', '2026年9月4日', ''), ('劇場版『メダリスト』', '2027年2月19日', ''), ('映画 九条の大罪', '2027年1月8日', ''), ('沼影市民プール', '2026年9月5日', ''), ('先行上映', '2026年9月11日', ''), ('Man', '2026年9月11日', ''), ('SAMANSA presents 世界が認めた栄冠のショート傑作選', '2026年9月11日', ''), ('オアシス：ドント・ルック・バック・イン・アンガー', '2026年9月11日', ''), ('スターヴ・エイカー 召喚', '2026年9月11日', ''), ('TAVERNA DE GAGA―人生はまだまだ面白い―', '2026年9月11日', '')]...
2026-09-01 18:23:03,551 [INFO] --- 情報源: manual ---
2026-09-01 18:23:03,551 [INFO] 手動登録イベント: 3件
2026-09-01 18:23:03,566 [INFO] 新着 475 件を保存しました → C:\Users\user\sapporo-events-site\data\new_2026-09-01.csv
2026-09-01 18:23:03,578 [INFO] HTMLレポートを更新しました → C:\Users\user\sapporo-events-site\data\index.html
2026-09-01 18:23:03,579 [INFO] チェック件数(延べ): 549 / 対象カテゴリ一致: 485 / 新着: 475 / AI判定利用: 0件(無効:GEMINI_API_KEY未設定)
2026-09-01 18:23:03,579 [INFO] === 完了 ===
2026-09-01 20:34:47,033 [INFO] === 札幌市中央区 情報収集 開始 ===
2026-09-01 20:34:47,062 [INFO] DBを新バージョン形式にマイグレーションしました（blurb列を追加）
2026-09-01 20:34:47,069 [INFO] DBを新バージョン形式にマイグレーションしました（links列を追加）
2026-09-01 20:34:47,069 [INFO] 手動登録イベント: 3件
2026-09-01 20:34:47,070 [INFO] 既存データ 0 件を最新の分類基準で再判定しました
2026-09-01 20:34:47,071 [INFO] --- 情報源: satsuibe ---
2026-09-01 20:34:51,054 [INFO] サツイベ: 1ページ目 27件
2026-09-01 20:34:55,005 [INFO] サツイベ: 2ページ目 14件
2026-09-01 20:34:58,760 [INFO] サツイベ: 3ページ目 13件
2026-09-01 20:35:03,206 [INFO] サツイベ: 4ページ目 3件
2026-09-01 20:35:05,590 [INFO] サツイベ: 5ページ目 0件
2026-09-01 20:35:05,591 [INFO] --- 情報源: chikaho ---
2026-09-01 20:35:07,543 [INFO] チ・カ・ホ: 0件
2026-09-01 20:35:07,543 [INFO] --- 情報源: cube_garden ---
2026-09-01 20:35:09,388 [INFO] cube garden: 2件（日付らしき記載がある行のみ抽出。要目視確認）
2026-09-01 20:35:09,389 [INFO] --- 情報源: walkerplus_live ---
2026-09-01 20:35:13,240 [INFO] ウォーカープラス(音楽): 7件チェック（メジャー会場/ツアー語句一致のみ後で採用）
2026-09-01 20:35:13,240 [INFO] --- 情報源: walkerplus_anime ---
2026-09-01 20:35:15,334 [INFO] ウォーカープラス(アニメ): 0件チェック（原画展/POP UP等の語句一致のみ後で採用）
2026-09-01 20:35:15,334 [INFO] --- 情報源: eventernote_major ---
2026-09-01 20:35:34,574 [INFO] イベンターノート(主要会場): 300件チェック
2026-09-01 20:35:34,575 [INFO] --- 情報源: mitsukoshi ---
2026-09-01 20:35:36,342 [INFO] 札幌三越(催事): 6件
2026-09-01 20:35:36,343 [INFO] --- 情報源: maruiimai ---
2026-09-01 20:35:38,149 [INFO] 丸井今井札幌本店(催事): 3件
2026-09-01 20:35:38,150 [INFO] --- 情報源: movie_theaters ---
2026-09-01 20:37:33,734 [INFO] 映画館(上映中): 56件（うちアニメ映画と判定: 8件）
2026-09-01 20:37:33,742 [INFO] 映画館(上映中) 取得タイトル一覧: ['劇場版 魔法少女まどか☆マギカ 〈ワルプルギスの廻天〉', 'ラスト・サバイバー', '時には懺悔を', 'シェルター', '私はあなたを知らない、', 'ハリー・ポッターと賢者の石', 'レンタル家族', 'ウォーターガーディアンズ', 'オークストリートの異変', 'あの星が降る丘で、君とまた出会いたい。', 'ミニオンズ＆モンスターズ', 'ブルーロック', '映画クレヨンしんちゃん 奇々怪々！オラの妖怪バケ～ション', 'モアナと伝説の海', '開戦前夜', 'スパイダーマン：ブランド・ニュー・デイ', '映画ちいかわ 人魚の島のひみつ', 'パウ・パトロール ザ・ダイノ・ムービー', 'キングダム 魂の決戦', 'トイ・ストーリー５', '『時をかける少女』4K', 'Michael／マイケル', '平行と垂直', '劇場版 TUBE 40th Anniversary Live & Documentary 〜40周年の航海記〜', '見えない娘 THE INVISIBLES', '王様戦隊キングオージャー フィルム・コンサート in シネマ', '八仙！', 'クラプトン・フェスティヴァル第3部「エリック・クラプトン：ライヴ・アット・ステイプルズ・センター2001」', 'グレイ・ミッション', 'ドラマなふたり', 'しらぬひ', 'ムカデ人間 4K', 'アニメ「幻想水滸伝」第1話〜第3話 <2週間先行プレミアム上映>', '機動警察パトレイバー EZY File2', 'レディ・オア・ノット２', '山下達郎 シアター・ライヴ PERFORMANCE 1984-2012', 'だぁれかさんとアソぼ？', '口に関するアンケート', '悲しくて美しい世界／THIS IS SPARKLEHORSE', '猫を放つ', '素敵すぎて素敵すぎて素敵すぎる', '大統領のケーキ', '恐怖分子', '叛逆のサウンドトラック', '雲と大地のはざまで', 'ストップ・メイキング・センス 4Kレストア', 'ナイトボーン -夜哭-', 'ヒトラーの毒見役', '白パンと独裁者', 'プライベート・ケース', '急に具合が悪くなる', 'Katy Perry: THE LIFETIMES TOUR - LIVE FROM PARIS TOHOシネマズ', 'ゴジラ×モスラ×メカゴジラ 東京SOS TOHOシネマズ', '機動戦士ガンダムSEED FREEDOM／少年とガンダム 機動戦士ガンダム50周年 -Road to 50- プロローグムービー TOHOシネマズ', '八月の声を運ぶ男 TOHOシネマズ', 'ヒプノシスマイク -Division Rap Battle- TOHOシネマズ']
2026-09-01 20:37:33,746 [INFO] --- 情報源: upcoming_movies ---
2026-09-01 20:37:54,155 [INFO] 映画館(公開予定): 115件（うちアニメ映画と判定: 6件）
2026-09-01 20:37:54,157 [INFO] 映画館(公開予定) フィルタ前の全件(145件): [('白鳥とコウモリ', '2026年9月4日', ''), ('バックルームズ', '2026年9月4日', ''), ('ベベフィン・ザ・ムービー：うたとまほうのピンキッツワールド', '2026年9月4日', ''), ('『獣兵衛忍風帖』4K', '2026年9月4日', 'アニメ／時代劇'), ('スワロウテイル 4Kリマスター', '2026年9月4日', ''), ('冴えないボクと映えるキミ', '2026年9月4日', ''), ('THE RIBBON HERO リボンヒーロー', '2026年9月4日', ''), ('ヒンド・ラジャブの声', '2026年9月4日', ''), ('ホーム スイート ホーム', '2026年9月4日', ''), ('SEKIRO: NO DEFEAT', '2026年9月4日', ''), ('ハルバーシュタットの埋蔵金', '2026年9月4日', ''), ('劇場版 THE ALFEE 3000PREMIUM トラベリングバンドが刻んだ3000本の奇跡と軌跡', '2026年9月4日', ''), ('猫たちと7000マイルの旅', '2026年9月4日', ''), ('温泉シャーク2  九州大決戦', '2026年9月4日', ''), ('6DAYS', '2026年9月4日', ''), ('戦場0地点', '2026年9月4日', ''), ('ラブ・ライズ', '2026年9月4日', ''), ('グルスポングの奇跡', '2026年9月4日', ''), ('GUN FISH\u3000あなたの知らないフグの世界', '2026年9月4日', ''), ('イミノウム', '2026年9月4日', ''), ('白鳥とコウモリ', '2026年9月4日', ''), ('劇場版『メダリスト』', '2027年2月19日', ''), ('映画 九条の大罪', '2027年1月8日', ''), ('沼影市民プール', '2026年9月5日', ''), ('先行上映', '2026年9月11日', ''), ('Man', '2026年9月11日', ''), ('SAMANSA presents 世界が認めた栄冠のショート傑作選', '2026年9月11日', ''), ('オアシス：ドント・ルック・バック・イン・アンガー', '2026年9月11日', ''), ('スターヴ・エイカー 召喚', '2026年9月11日', ''), ('TAVERNA DE GAGA―人生はまだまだ面白い―', '2026年9月11日', '')]...
2026-09-01 20:37:54,158 [INFO] --- 情報源: manual ---
2026-09-01 20:37:54,158 [INFO] 手動登録イベント: 3件
2026-09-01 20:37:54,199 [INFO] 新着 474 件を保存しました → C:\Users\user\sapporo-events-site\data\new_2026-09-01.csv
2026-09-01 20:37:54,218 [INFO] HTMLレポートを更新しました → C:\Users\user\sapporo-events-site\data\index.html
2026-09-01 20:37:54,221 [INFO] チェック件数(延べ): 549 / 対象カテゴリ一致: 484 / 新着: 474 / AI判定利用: 0件(無効:GEMINI_API_KEY未設定)
2026-09-01 20:37:54,221 [INFO] === 完了 ===
2026-09-01 21:15:22,251 [INFO] === 札幌市中央区 情報収集 開始 ===
2026-09-01 21:15:22,269 [INFO] DBを新バージョン形式にマイグレーションしました（blurb列を追加）
2026-09-01 21:15:22,275 [INFO] DBを新バージョン形式にマイグレーションしました（links列を追加）
2026-09-01 21:15:22,276 [INFO] 手動登録イベント: 3件
2026-09-01 21:15:22,276 [INFO] 既存データ 0 件を最新の分類基準で再判定しました
2026-09-01 21:15:22,276 [INFO] --- 情報源: satsuibe ---
2026-09-01 21:15:25,277 [INFO] サツイベ: 1ページ目 27件
2026-09-01 21:15:27,799 [INFO] サツイベ: 2ページ目 13件
2026-09-01 21:15:30,228 [INFO] サツイベ: 3ページ目 13件
2026-09-01 21:15:32,656 [INFO] サツイベ: 4ページ目 4件
2026-09-01 21:15:35,126 [INFO] サツイベ: 5ページ目 0件
2026-09-01 21:15:35,126 [INFO] --- 情報源: chikaho ---
2026-09-01 21:15:37,093 [INFO] チ・カ・ホ: 0件
2026-09-01 21:15:37,093 [INFO] --- 情報源: cube_garden ---
2026-09-01 21:15:38,924 [INFO] cube garden: 2件（日付らしき記載がある行のみ抽出。要目視確認）
2026-09-01 21:15:38,925 [INFO] --- 情報源: walkerplus_live ---
2026-09-01 21:15:42,302 [INFO] ウォーカープラス(音楽): 7件チェック（メジャー会場/ツアー語句一致のみ後で採用）
2026-09-01 21:15:42,303 [INFO] --- 情報源: walkerplus_anime ---
2026-09-01 21:15:43,938 [INFO] ウォーカープラス(アニメ): 0件チェック（原画展/POP UP等の語句一致のみ後で採用）
2026-09-01 21:15:43,939 [INFO] --- 情報源: eventernote_major ---
2026-09-01 21:16:02,447 [INFO] イベンターノート(主要会場): 300件チェック
2026-09-01 21:16:02,448 [INFO] --- 情報源: mitsukoshi ---
2026-09-01 21:16:04,165 [INFO] 札幌三越(催事): 6件
2026-09-01 21:16:04,165 [INFO] --- 情報源: maruiimai ---
2026-09-01 21:16:05,888 [INFO] 丸井今井札幌本店(催事): 3件
2026-09-01 21:16:05,889 [INFO] --- 情報源: movie_theaters ---
2026-09-01 21:18:09,983 [INFO] 映画館(上映中): 61件（うちアニメ映画と判定: 8件）
2026-09-01 21:18:09,983 [INFO] 映画館(上映中) 取得タイトル一覧: ['劇場版 魔法少女まどか☆マギカ 〈ワルプルギスの廻天〉', 'ラスト・サバイバー', '時には懺悔を', 'シェルター', '私はあなたを知らない、', 'ハリー・ポッターと賢者の石', 'レンタル家族', 'ウォーターガーディアンズ', 'オークストリートの異変', 'あの星が降る丘で、君とまた出会いたい。', 'ミニオンズ＆モンスターズ', 'ブルーロック', '映画クレヨンしんちゃん 奇々怪々！オラの妖怪バケ～ション', 'モアナと伝説の海', '開戦前夜', 'スパイダーマン：ブランド・ニュー・デイ', '映画ちいかわ 人魚の島のひみつ', 'パウ・パトロール ザ・ダイノ・ムービー', 'キングダム 魂の決戦', 'トイ・ストーリー５', '『時をかける少女』4K', 'Michael／マイケル', '白鳥とコウモリ', 'バックルームズ', '冴えないボクと映えるキミ', 'ハルバーシュタットの埋蔵金', 'ラブ・ライズ', '平行と垂直', '劇場版 TUBE 40th Anniversary Live & Documentary 〜40周年の航海記〜', '見えない娘 THE INVISIBLES', '王様戦隊キングオージャー フィルム・コンサート in シネマ', '八仙！', 'クラプトン・フェスティヴァル第3部「エリック・クラプトン：ライヴ・アット・ステイプルズ・センター2001」', 'グレイ・ミッション', 'ドラマなふたり', 'しらぬひ', 'ムカデ人間 4K', 'アニメ「幻想水滸伝」第1話〜第3話 <2週間先行プレミアム上映>', '機動警察パトレイバー EZY File2', 'レディ・オア・ノット２', '山下達郎 シアター・ライヴ PERFORMANCE 1984-2012', 'だぁれかさんとアソぼ？', '口に関するアンケート', '悲しくて美しい世界／THIS IS SPARKLEHORSE', '猫を放つ', '素敵すぎて素敵すぎて素敵すぎる', '大統領のケーキ', '恐怖分子', '叛逆のサウンドトラック', '雲と大地のはざまで', 'ストップ・メイキング・センス 4Kレストア', 'ナイトボーン -夜哭-', 'ヒトラーの毒見役', '白パンと独裁者', 'プライベート・ケース', '急に具合が悪くなる', 'Katy Perry: THE LIFETIMES TOUR - LIVE FROM PARIS TOHOシネマズ', 'ゴジラ×モスラ×メカゴジラ 東京SOS TOHOシネマズ', '機動戦士ガンダムSEED FREEDOM／少年とガンダム 機動戦士ガンダム50周年 -Road to 50- プロローグムービー TOHOシネマズ', '八月の声を運ぶ男 TOHOシネマズ', 'ヒプノシスマイク -Division Rap Battle- TOHOシネマズ']
2026-09-01 21:18:09,984 [INFO] --- 情報源: upcoming_movies ---
2026-09-01 21:18:26,452 [INFO] 映画館(公開予定): 115件（うちアニメ映画と判定: 6件）
2026-09-01 21:18:26,452 [INFO] 映画館(公開予定) フィルタ前の全件(145件): [('白鳥とコウモリ', '2026年9月4日', ''), ('バックルームズ', '2026年9月4日', ''), ('ベベフィン・ザ・ムービー：うたとまほうのピンキッツワールド', '2026年9月4日', ''), ('『獣兵衛忍風帖』4K', '2026年9月4日', 'アニメ／時代劇'), ('スワロウテイル 4Kリマスター', '2026年9月4日', ''), ('冴えないボクと映えるキミ', '2026年9月4日', ''), ('THE RIBBON HERO リボンヒーロー', '2026年9月4日', ''), ('ヒンド・ラジャブの声', '2026年9月4日', ''), ('ホーム スイート ホーム', '2026年9月4日', ''), ('SEKIRO: NO DEFEAT', '2026年9月4日', ''), ('ハルバーシュタットの埋蔵金', '2026年9月4日', ''), ('劇場版 THE ALFEE 3000PREMIUM トラベリングバンドが刻んだ3000本の奇跡と軌跡', '2026年9月4日', ''), ('猫たちと7000マイルの旅', '2026年9月4日', ''), ('温泉シャーク2  九州大決戦', '2026年9月4日', ''), ('6DAYS', '2026年9月4日', ''), ('戦場0地点', '2026年9月4日', ''), ('ラブ・ライズ', '2026年9月4日', ''), ('グルスポングの奇跡', '2026年9月4日', ''), ('GUN FISH\u3000あなたの知らないフグの世界', '2026年9月4日', ''), ('イミノウム', '2026年9月4日', ''), ('白鳥とコウモリ', '2026年9月4日', ''), ('劇場版『メダリスト』', '2027年2月19日', ''), ('映画 九条の大罪', '2027年1月8日', ''), ('沼影市民プール', '2026年9月5日', ''), ('先行上映', '2026年9月11日', ''), ('Man', '2026年9月11日', ''), ('SAMANSA presents 世界が認めた栄冠のショート傑作選', '2026年9月11日', ''), ('オアシス：ドント・ルック・バック・イン・アンガー', '2026年9月11日', ''), ('スターヴ・エイカー 召喚', '2026年9月11日', ''), ('TAVERNA DE GAGA―人生はまだまだ面白い―', '2026年9月11日', '')]...
2026-09-01 21:18:26,453 [INFO] --- 情報源: manual ---
2026-09-01 21:18:26,453 [INFO] 手動登録イベント: 3件
2026-09-01 21:18:26,468 [INFO] 新着 474 件を保存しました → C:\Users\user\sapporo-events-site\data\new_2026-09-01.csv
2026-09-01 21:18:26,480 [INFO] HTMLレポートを更新しました → C:\Users\user\sapporo-events-site\data\index.html
2026-09-01 21:18:26,481 [INFO] チェック件数(延べ): 554 / 対象カテゴリ一致: 489 / 新着: 474 / AI判定利用: 0件(無効:GEMINI_API_KEY未設定)
2026-09-01 21:18:26,482 [INFO] === 完了 ===
2026-09-02 16:11:26,758 [INFO] === 札幌市中央区 情報収集 開始 ===
2026-09-02 16:11:26,765 [INFO] 手動登録イベント: 3件
2026-09-02 16:11:26,798 [INFO] 既存データ 474 件を最新の分類基準で再判定しました
2026-09-02 16:11:26,798 [INFO] --- 情報源: satsuibe ---
2026-09-02 16:11:30,388 [INFO] サツイベ: 1ページ目 26件
2026-09-02 16:11:34,493 [INFO] サツイベ: 2ページ目 14件
2026-09-02 16:11:36,933 [INFO] サツイベ: 3ページ目 13件
2026-09-02 16:11:39,721 [INFO] サツイベ: 4ページ目 4件
2026-09-02 16:11:42,048 [INFO] サツイベ: 5ページ目 0件
2026-09-02 16:11:42,048 [INFO] --- 情報源: chikaho ---
2026-09-02 16:11:44,006 [INFO] チ・カ・ホ: 0件
2026-09-02 16:11:44,006 [INFO] --- 情報源: cube_garden ---
2026-09-02 16:11:45,861 [INFO] cube garden: 2件（日付らしき記載がある行のみ抽出。要目視確認）
2026-09-02 16:11:45,861 [INFO] --- 情報源: walkerplus_live ---
2026-09-02 16:11:49,591 [INFO] ウォーカープラス(音楽): 7件チェック（メジャー会場/ツアー語句一致のみ後で採用）
2026-09-02 16:11:49,591 [INFO] --- 情報源: walkerplus_anime ---
2026-09-02 16:11:51,459 [INFO] ウォーカープラス(アニメ): 0件チェック（原画展/POP UP等の語句一致のみ後で採用）
2026-09-02 16:11:51,459 [INFO] --- 情報源: eventernote_major ---
2026-09-02 16:12:09,918 [INFO] イベンターノート(主要会場): 300件チェック
2026-09-02 16:12:09,919 [INFO] --- 情報源: mitsukoshi ---
2026-09-02 16:12:11,691 [INFO] 札幌三越(催事): 5件
2026-09-02 16:12:11,691 [INFO] --- 情報源: maruiimai ---
2026-09-02 16:12:13,458 [INFO] 丸井今井札幌本店(催事): 3件
2026-09-02 16:12:13,458 [INFO] --- 情報源: movie_theaters ---
2026-09-02 16:14:47,588 [INFO] 映画館(上映中): 71件（うちアニメ映画と判定: 11件）
2026-09-02 16:14:47,589 [INFO] 映画館(上映中) 取得タイトル一覧: ['白鳥とコウモリ', 'バックルームズ', 'オデュッセイア', 'THE RIBBON HERO リボンヒーロー', '6DAYS', '劇場版 魔法少女まどか☆マギカ 〈ワルプルギスの廻天〉', 'ラスト・サバイバー', '時には懺悔を', 'シェルター', '私はあなたを知らない、', 'ハリー・ポッターと賢者の石', 'レンタル家族', 'ウォーターガーディアンズ', 'オークストリートの異変', 'あの星が降る丘で、君とまた出会いたい。', 'ミニオンズ＆モンスターズ', 'ブルーロック', '映画クレヨンしんちゃん 奇々怪々！オラの妖怪バケ～ション', 'モアナと伝説の海', '開戦前夜', 'スパイダーマン：ブランド・ニュー・デイ', '映画ちいかわ 人魚の島のひみつ', 'パウ・パトロール ザ・ダイノ・ムービー', 'キングダム 魂の決戦', 'トイ・ストーリー５', '『時をかける少女』4K', 'Michael／マイケル', 'カーズ', 'SEKIRO: NO DEFEAT', '『獣兵衛忍風帖』4K', '冴えないボクと映えるキミ', '劇場版 THE ALFEE 3000PREMIUM トラベリングバンドが刻んだ3000本の奇跡と軌跡', 'ハルバーシュタットの埋蔵金', 'ラブ・ライズ', '平行と垂直', '劇場版 TUBE 40th Anniversary Live & Documentary 〜40周年の航海記〜', '見えない娘 THE INVISIBLES', '王様戦隊キングオージャー フィルム・コンサート in シネマ', '八仙！', 'クラプトン・フェスティヴァル第3部「エリック・クラプトン：ライヴ・アット・ステイプルズ・センター2001」', 'グレイ・ミッション', 'ドラマなふたり', 'しらぬひ', 'ムカデ人間 4K', 'アニメ「幻想水滸伝」第1話〜第3話 <2週間先行プレミアム上映>', '機動警察パトレイバー EZY File2', 'レディ・オア・ノット２', '山下達郎 シアター・ライヴ PERFORMANCE 1984-2012', 'だぁれかさんとアソぼ？', '口に関するアンケート', '悲しくて美しい世界／THIS IS SPARKLEHORSE', '猫を放つ', '素敵すぎて素敵すぎて素敵すぎる', '大統領のケーキ', '恐怖分子', '叛逆のサウンドトラック', '雲と大地のはざまで', 'ストップ・メイキング・センス 4Kレストア', 'ナイトボーン -夜哭-', 'ヒトラーの毒見役', '白パンと独裁者', 'プライベート・ケース', '急に具合が悪くなる', 'Katy Perry: THE LIFETIMES TOUR - LIVE FROM PARIS TOHOシネマズ', 'ゴジラ×モスラ×メカゴジラ 東京SOS TOHOシネマズ', '機動戦士ガンダムSEED FREEDOM／少年とガンダム 機動戦士ガンダム50周年 -Road to 50- プロローグムービー TOHOシネマズ', '八月の声を運ぶ男 TOHOシネマズ', 'スター・ウォーズ／マンダロリアン・アンド・グローグー TOHOシネマズ', 'ヒプノシスマイク -Division Rap Battle- TOHOシネマズ', '劇場版アイドリッシュセブン LIVE 4bit BEYOND THE PERiOD DAY1 TOHOシネマズ', '劇場版アイドリッシュセブン LIVE 4bit BEYOND THE PERiOD DAY2 TOHOシネマズ']
2026-09-02 16:14:47,591 [INFO] --- 情報源: upcoming_movies ---
2026-09-02 16:15:17,173 [INFO] 映画館(公開予定): 115件（うちアニメ映画と判定: 6件）
2026-09-02 16:15:17,174 [INFO] 映画館(公開予定) フィルタ前の全件(198件): [('白鳥とコウモリ', '2026年9月4日', ''), ('バックルームズ', '2026年9月4日', ''), ('ベベフィン・ザ・ムービー：うたとまほうのピンキッツワールド', '2026年9月4日', ''), ('『獣兵衛忍風帖』4K', '2026年9月4日', 'アニメ／時代劇'), ('スワロウテイル 4Kリマスター', '2026年9月4日', ''), ('冴えないボクと映えるキミ', '2026年9月4日', ''), ('ヒンド・ラジャブの声', '2026年9月4日', ''), ('THE RIBBON HERO リボンヒーロー', '2026年9月4日', ''), ('SEKIRO: NO DEFEAT', '2026年9月4日', ''), ('ホーム スイート ホーム', '2026年9月4日', ''), ('劇場版 THE ALFEE 3000PREMIUM トラベリングバンドが刻んだ3000本の奇跡と軌跡', '2026年9月4日', ''), ('ハルバーシュタットの埋蔵金', '2026年9月4日', ''), ('猫たちと7000マイルの旅', '2026年9月4日', ''), ('温泉シャーク2  九州大決戦', '2026年9月4日', ''), ('ラブ・ライズ', '2026年9月4日', ''), ('戦場0地点', '2026年9月4日', ''), ('GUN FISH\u3000あなたの知らないフグの世界', '2026年9月4日', ''), ('6DAYS', '2026年9月4日', ''), ('グルスポングの奇跡', '2026年9月4日', ''), ('イミノウム', '2026年9月4日', ''), ('アベンジャーズ／エンドゲーム：アンコール', '2026年9月23日', ''), ('劇場版『メダリスト』', '2027年2月19日', ''), ('映画 九条の大罪', '2027年1月8日', ''), ('沼影市民プール', '2026年9月5日', ''), ('先行上映', '2026年9月11日', ''), ('Man', '2026年9月11日', ''), ('SAMANSA presents 世界が認めた栄冠のショート傑作選', '2026年9月11日', ''), ('オアシス：ドント・ルック・バック・イン・アンガー', '2026年9月11日', ''), ('スターヴ・エイカー 召喚', '2026年9月11日', ''), ('TAVERNA DE GAGA―人生はまだまだ面白い―', '2026年9月11日', '')]...
2026-09-02 16:15:17,174 [INFO] --- 情報源: manual ---
2026-09-02 16:15:17,175 [INFO] 手動登録イベント: 3件
2026-09-02 16:15:17,192 [INFO] 新着 5 件を保存しました → C:\Users\user\sapporo-events-site\data\new_2026-09-02.csv
2026-09-02 16:15:17,207 [INFO] HTMLレポートを更新しました → C:\Users\user\sapporo-events-site\data\index.html
2026-09-02 16:15:17,209 [INFO] チェック件数(延べ): 563 / 対象カテゴリ一致: 498 / 新着: 5 / AI判定利用: 0件(無効:GEMINI_API_KEY未設定)
2026-09-02 16:15:17,210 [INFO] === 完了 ===
2026-09-02 16:21:13,137 [INFO] === 札幌市中央区 情報収集 開始 ===
2026-09-02 16:21:13,159 [INFO] 手動登録イベント: 3件
2026-09-02 16:21:13,191 [INFO] 既存データ 479 件を最新の分類基準で再判定しました
2026-09-02 16:21:13,191 [INFO] --- 情報源: satsuibe ---
2026-09-02 16:21:16,542 [INFO] サツイベ: 1ページ目 26件
2026-09-02 16:21:23,259 [INFO] サツイベ: 2ページ目 14件
2026-09-02 16:21:26,938 [INFO] サツイベ: 3ページ目 13件
2026-09-02 16:21:29,321 [INFO] サツイベ: 4ページ目 4件
2026-09-02 16:21:33,660 [INFO] サツイベ: 5ページ目 0件
2026-09-02 16:21:33,660 [INFO] --- 情報源: chikaho ---
2026-09-02 16:21:35,643 [INFO] チ・カ・ホ: 0件
2026-09-02 16:21:35,644 [INFO] --- 情報源: cube_garden ---
2026-09-02 16:21:37,467 [INFO] cube garden: 2件（日付らしき記載がある行のみ抽出。要目視確認）
2026-09-02 16:21:37,467 [INFO] --- 情報源: walkerplus_live ---
2026-09-02 16:21:40,844 [INFO] ウォーカープラス(音楽): 7件チェック（メジャー会場/ツアー語句一致のみ後で採用）
2026-09-02 16:21:40,844 [INFO] --- 情報源: walkerplus_anime ---
2026-09-02 16:21:42,477 [INFO] ウォーカープラス(アニメ): 0件チェック（原画展/POP UP等の語句一致のみ後で採用）
2026-09-02 16:21:42,477 [INFO] --- 情報源: eventernote_major ---
2026-09-02 16:22:44,950 [INFO] === 札幌市中央区 情報収集 開始 ===
2026-09-02 16:22:44,968 [INFO] 手動登録イベント: 4件
2026-09-02 16:22:44,989 [INFO] 既存データ 479 件を最新の分類基準で再判定しました
2026-09-02 16:22:44,989 [INFO] --- 情報源: satsuibe ---
2026-09-02 16:22:47,435 [INFO] サツイベ: 1ページ目 26件
2026-09-02 16:22:51,669 [INFO] サツイベ: 2ページ目 14件
2026-09-02 16:22:53,863 [INFO] サツイベ: 3ページ目 13件
2026-09-02 16:22:58,288 [INFO] サツイベ: 4ページ目 4件
2026-09-02 16:23:03,097 [INFO] サツイベ: 5ページ目 0件
2026-09-02 16:23:03,098 [INFO] --- 情報源: chikaho ---
2026-09-02 16:23:05,098 [INFO] チ・カ・ホ: 0件
2026-09-02 16:23:05,098 [INFO] --- 情報源: cube_garden ---
2026-09-02 16:23:07,071 [INFO] cube garden: 2件（日付らしき記載がある行のみ抽出。要目視確認）
2026-09-02 16:23:07,071 [INFO] --- 情報源: walkerplus_live ---
2026-09-02 16:23:10,470 [INFO] ウォーカープラス(音楽): 7件チェック（メジャー会場/ツアー語句一致のみ後で採用）
2026-09-02 16:23:10,471 [INFO] --- 情報源: walkerplus_anime ---
2026-09-02 16:23:12,117 [INFO] ウォーカープラス(アニメ): 0件チェック（原画展/POP UP等の語句一致のみ後で採用）
2026-09-02 16:23:12,118 [INFO] --- 情報源: eventernote_major ---
2026-09-02 16:23:30,415 [INFO] イベンターノート(主要会場): 300件チェック
2026-09-02 16:23:30,415 [INFO] --- 情報源: mitsukoshi ---
2026-09-02 16:23:32,144 [INFO] 札幌三越(催事): 5件
2026-09-02 16:23:32,144 [INFO] --- 情報源: maruiimai ---
2026-09-02 16:23:33,898 [INFO] 丸井今井札幌本店(催事): 3件
2026-09-02 16:23:33,899 [INFO] --- 情報源: movie_theaters ---
2026-09-02 16:25:41,757 [INFO] 映画館(上映中): 71件（うちアニメ映画と判定: 11件）
2026-09-02 16:25:41,758 [INFO] 映画館(上映中) 取得タイトル一覧: ['白鳥とコウモリ', 'バックルームズ', 'オデュッセイア', 'THE RIBBON HERO リボンヒーロー', '6DAYS', '劇場版 魔法少女まどか☆マギカ 〈ワルプルギスの廻天〉', 'ラスト・サバイバー', '時には懺悔を', 'シェルター', '私はあなたを知らない、', 'ハリー・ポッターと賢者の石', 'レンタル家族', 'ウォーターガーディアンズ', 'オークストリートの異変', 'あの星が降る丘で、君とまた出会いたい。', 'ミニオンズ＆モンスターズ', 'ブルーロック', '映画クレヨンしんちゃん 奇々怪々！オラの妖怪バケ～ション', 'モアナと伝説の海', '開戦前夜', 'スパイダーマン：ブランド・ニュー・デイ', '映画ちいかわ 人魚の島のひみつ', 'パウ・パトロール ザ・ダイノ・ムービー', 'キングダム 魂の決戦', 'トイ・ストーリー５', '『時をかける少女』4K', 'Michael／マイケル', 'カーズ', 'SEKIRO: NO DEFEAT', '『獣兵衛忍風帖』4K', '冴えないボクと映えるキミ', '劇場版 THE ALFEE 3000PREMIUM トラベリングバンドが刻んだ3000本の奇跡と軌跡', 'ハルバーシュタットの埋蔵金', 'ラブ・ライズ', '平行と垂直', '劇場版 TUBE 40th Anniversary Live & Documentary 〜40周年の航海記〜', '見えない娘 THE INVISIBLES', '王様戦隊キングオージャー フィルム・コンサート in シネマ', '八仙！', 'クラプトン・フェスティヴァル第3部「エリック・クラプトン：ライヴ・アット・ステイプルズ・センター2001」', 'グレイ・ミッション', 'ドラマなふたり', 'しらぬひ', 'ムカデ人間 4K', 'アニメ「幻想水滸伝」第1話〜第3話 <2週間先行プレミアム上映>', '機動警察パトレイバー EZY File2', 'レディ・オア・ノット２', '山下達郎 シアター・ライヴ PERFORMANCE 1984-2012', 'だぁれかさんとアソぼ？', '口に関するアンケート', '悲しくて美しい世界／THIS IS SPARKLEHORSE', '猫を放つ', '素敵すぎて素敵すぎて素敵すぎる', '大統領のケーキ', '恐怖分子', '叛逆のサウンドトラック', '雲と大地のはざまで', 'ストップ・メイキング・センス 4Kレストア', 'ナイトボーン -夜哭-', 'ヒトラーの毒見役', '白パンと独裁者', 'プライベート・ケース', '急に具合が悪くなる', 'Katy Perry: THE LIFETIMES TOUR - LIVE FROM PARIS TOHOシネマズ', 'ゴジラ×モスラ×メカゴジラ 東京SOS TOHOシネマズ', '機動戦士ガンダムSEED FREEDOM／少年とガンダム 機動戦士ガンダム50周年 -Road to 50- プロローグムービー TOHOシネマズ', '八月の声を運ぶ男 TOHOシネマズ', 'スター・ウォーズ／マンダロリアン・アンド・グローグー TOHOシネマズ', 'ヒプノシスマイク -Division Rap Battle- TOHOシネマズ', '劇場版アイドリッシュセブン LIVE 4bit BEYOND THE PERiOD DAY1 TOHOシネマズ', '劇場版アイドリッシュセブン LIVE 4bit BEYOND THE PERiOD DAY2 TOHOシネマズ']
2026-09-02 16:25:41,759 [INFO] --- 情報源: upcoming_movies ---
2026-09-02 16:26:06,501 [INFO] 映画館(公開予定): 115件（うちアニメ映画と判定: 6件）
2026-09-02 16:26:06,501 [INFO] 映画館(公開予定) フィルタ前の全件(198件): [('白鳥とコウモリ', '2026年9月4日', ''), ('バックルームズ', '2026年9月4日', ''), ('ベベフィン・ザ・ムービー：うたとまほうのピンキッツワールド', '2026年9月4日', ''), ('『獣兵衛忍風帖』4K', '2026年9月4日', 'アニメ／時代劇'), ('スワロウテイル 4Kリマスター', '2026年9月4日', ''), ('冴えないボクと映えるキミ', '2026年9月4日', ''), ('ヒンド・ラジャブの声', '2026年9月4日', ''), ('THE RIBBON HERO リボンヒーロー', '2026年9月4日', ''), ('SEKIRO: NO DEFEAT', '2026年9月4日', ''), ('ホーム スイート ホーム', '2026年9月4日', ''), ('劇場版 THE ALFEE 3000PREMIUM トラベリングバンドが刻んだ3000本の奇跡と軌跡', '2026年9月4日', ''), ('ハルバーシュタットの埋蔵金', '2026年9月4日', ''), ('猫たちと7000マイルの旅', '2026年9月4日', ''), ('温泉シャーク2  九州大決戦', '2026年9月4日', ''), ('ラブ・ライズ', '2026年9月4日', ''), ('戦場0地点', '2026年9月4日', ''), ('GUN FISH\u3000あなたの知らないフグの世界', '2026年9月4日', ''), ('6DAYS', '2026年9月4日', ''), ('グルスポングの奇跡', '2026年9月4日', ''), ('イミノウム', '2026年9月4日', ''), ('アベンジャーズ／エンドゲーム：アンコール', '2026年9月23日', ''), ('劇場版『メダリスト』', '2027年2月19日', ''), ('映画 九条の大罪', '2027年1月8日', ''), ('沼影市民プール', '2026年9月5日', ''), ('先行上映', '2026年9月11日', ''), ('Man', '2026年9月11日', ''), ('SAMANSA presents 世界が認めた栄冠のショート傑作選', '2026年9月11日', ''), ('オアシス：ドント・ルック・バック・イン・アンガー', '2026年9月11日', ''), ('スターヴ・エイカー 召喚', '2026年9月11日', ''), ('TAVERNA DE GAGA―人生はまだまだ面白い―', '2026年9月11日', '')]...
2026-09-02 16:26:06,502 [INFO] --- 情報源: manual ---
2026-09-02 16:26:06,511 [INFO] 手動登録イベント: 4件
2026-09-02 16:26:06,528 [INFO] 新着 1 件を保存しました → C:\Users\user\sapporo-events-site\data\new_2026-09-02.csv
2026-09-02 16:26:06,542 [INFO] HTMLレポートを更新しました → C:\Users\user\sapporo-events-site\data\index.html
2026-09-02 16:26:06,544 [INFO] チェック件数(延べ): 564 / 対象カテゴリ一致: 499 / 新着: 1 / AI判定利用: 0件(無効:GEMINI_API_KEY未設定)
2026-09-02 16:26:06,544 [INFO] === 完了 ===
2026-09-02 17:00:58,954 [INFO] === 札幌市中央区 情報収集 開始 ===
2026-09-02 17:00:58,959 [INFO] 手動登録イベント: 4件
2026-09-02 17:00:58,990 [INFO] 既存データ 480 件を最新の分類基準で再判定しました
2026-09-02 17:00:58,990 [INFO] --- 情報源: satsuibe ---
2026-09-02 17:01:01,728 [INFO] サツイベ: 1ページ目 26件
2026-09-02 17:03:13,833 [INFO] === 札幌市中央区 情報収集 開始 ===
2026-09-02 17:03:13,857 [INFO] 手動登録イベント: 4件
2026-09-02 17:03:13,887 [INFO] 既存データ 480 件を最新の分類基準で再判定しました
2026-09-02 17:03:13,888 [INFO] --- 情報源: satsuibe ---
2026-09-02 17:03:19,207 [INFO] サツイベ: 1ページ目 26件
2026-09-02 17:03:21,734 [INFO] サツイベ: 2ページ目 14件
2026-09-02 17:03:25,499 [INFO] サツイベ: 3ページ目 13件
2026-09-02 17:03:27,918 [INFO] サツイベ: 4ページ目 4件
2026-09-02 17:03:31,021 [INFO] サツイベ: 5ページ目 0件
2026-09-02 17:03:31,021 [INFO] --- 情報源: chikaho ---
2026-09-02 17:03:32,964 [INFO] チ・カ・ホ: 0件
2026-09-02 17:03:32,964 [INFO] --- 情報源: cube_garden ---
2026-09-02 17:03:34,801 [INFO] cube garden: 2件（日付らしき記載がある行のみ抽出。要目視確認）
2026-09-02 17:03:34,801 [INFO] --- 情報源: walkerplus_live ---
2026-09-02 17:03:38,123 [INFO] ウォーカープラス(音楽): 7件チェック（メジャー会場/ツアー語句一致のみ後で採用）
2026-09-02 17:03:38,123 [INFO] --- 情報源: walkerplus_anime ---
2026-09-02 17:03:39,769 [INFO] ウォーカープラス(アニメ): 0件チェック（原画展/POP UP等の語句一致のみ後で採用）
2026-09-02 17:03:39,770 [INFO] --- 情報源: eventernote_major ---
2026-09-02 17:04:00,932 [INFO] イベンターノート(主要会場): 300件チェック
2026-09-02 17:04:00,932 [INFO] --- 情報源: mitsukoshi ---
2026-09-02 17:04:02,664 [INFO] 札幌三越(催事): 5件
2026-09-02 17:04:02,664 [INFO] --- 情報源: maruiimai ---
2026-09-02 17:04:04,388 [INFO] 丸井今井札幌本店(催事): 3件
2026-09-02 17:04:04,388 [INFO] --- 情報源: movie_theaters ---
2026-09-02 17:06:24,023 [INFO] 映画館(上映中): 71件（うちアニメ映画と判定: 11件）
2026-09-02 17:06:24,029 [INFO] 映画館(上映中) 取得タイトル一覧: ['白鳥とコウモリ', 'バックルームズ', 'オデュッセイア', 'THE RIBBON HERO リボンヒーロー', '6DAYS', '劇場版 魔法少女まどか☆マギカ 〈ワルプルギスの廻天〉', 'ラスト・サバイバー', '時には懺悔を', 'シェルター', '私はあなたを知らない、', 'ハリー・ポッターと賢者の石', 'レンタル家族', 'ウォーターガーディアンズ', 'オークストリートの異変', 'あの星が降る丘で、君とまた出会いたい。', 'ミニオンズ＆モンスターズ', 'ブルーロック', '映画クレヨンしんちゃん 奇々怪々！オラの妖怪バケ～ション', 'モアナと伝説の海', '開戦前夜', 'スパイダーマン：ブランド・ニュー・デイ', '映画ちいかわ 人魚の島のひみつ', 'パウ・パトロール ザ・ダイノ・ムービー', 'キングダム 魂の決戦', 'トイ・ストーリー５', '『時をかける少女』4K', 'Michael／マイケル', 'SEKIRO: NO DEFEAT', 'カーズ', '『獣兵衛忍風帖』4K', '劇場版 THE ALFEE 3000PREMIUM トラベリングバンドが刻んだ3000本の奇跡と軌跡', '冴えないボクと映えるキミ', 'ハルバーシュタットの埋蔵金', 'ラブ・ライズ', '平行と垂直', '劇場版 TUBE 40th Anniversary Live & Documentary 〜40周年の航海記〜', '見えない娘 THE INVISIBLES', '王様戦隊キングオージャー フィルム・コンサート in シネマ', '八仙！', 'クラプトン・フェスティヴァル第3部「エリック・クラプトン：ライヴ・アット・ステイプルズ・センター2001」', 'グレイ・ミッション', 'ドラマなふたり', 'しらぬひ', 'ムカデ人間 4K', 'アニメ「幻想水滸伝」第1話〜第3話 <2週間先行プレミアム上映>', '機動警察パトレイバー EZY File2', 'レディ・オア・ノット２', '山下達郎 シアター・ライヴ PERFORMANCE 1984-2012', 'だぁれかさんとアソぼ？', '口に関するアンケート', '悲しくて美しい世界／THIS IS SPARKLEHORSE', '猫を放つ', '素敵すぎて素敵すぎて素敵すぎる', '大統領のケーキ', '恐怖分子', '叛逆のサウンドトラック', '雲と大地のはざまで', 'ストップ・メイキング・センス 4Kレストア', 'ナイトボーン -夜哭-', 'ヒトラーの毒見役', '白パンと独裁者', 'プライベート・ケース', '急に具合が悪くなる', 'Katy Perry: THE LIFETIMES TOUR - LIVE FROM PARIS TOHOシネマズ', 'ゴジラ×モスラ×メカゴジラ 東京SOS TOHOシネマズ', '機動戦士ガンダムSEED FREEDOM／少年とガンダム 機動戦士ガンダム50周年 -Road to 50- プロローグムービー TOHOシネマズ', '八月の声を運ぶ男 TOHOシネマズ', 'スター・ウォーズ／マンダロリアン・アンド・グローグー TOHOシネマズ', 'ヒプノシスマイク -Division Rap Battle- TOHOシネマズ', '劇場版アイドリッシュセブン LIVE 4bit BEYOND THE PERiOD DAY1 TOHOシネマズ', '劇場版アイドリッシュセブン LIVE 4bit BEYOND THE PERiOD DAY2 TOHOシネマズ']
2026-09-02 17:06:24,032 [INFO] --- 情報源: upcoming_movies ---
2026-09-02 17:06:49,163 [INFO] 映画館(公開予定): 115件（うちアニメ映画と判定: 6件）
2026-09-02 17:06:49,164 [INFO] 映画館(公開予定) フィルタ前の全件(198件): [('白鳥とコウモリ', '2026年9月4日', ''), ('バックルームズ', '2026年9月4日', ''), ('ベベフィン・ザ・ムービー：うたとまほうのピンキッツワールド', '2026年9月4日', ''), ('『獣兵衛忍風帖』4K', '2026年9月4日', 'アニメ／時代劇'), ('スワロウテイル 4Kリマスター', '2026年9月4日', ''), ('冴えないボクと映えるキミ', '2026年9月4日', ''), ('ヒンド・ラジャブの声', '2026年9月4日', ''), ('THE RIBBON HERO リボンヒーロー', '2026年9月4日', ''), ('SEKIRO: NO DEFEAT', '2026年9月4日', ''), ('ホーム スイート ホーム', '2026年9月4日', ''), ('劇場版 THE ALFEE 3000PREMIUM トラベリングバンドが刻んだ3000本の奇跡と軌跡', '2026年9月4日', ''), ('ハルバーシュタットの埋蔵金', '2026年9月4日', ''), ('猫たちと7000マイルの旅', '2026年9月4日', ''), ('温泉シャーク2  九州大決戦', '2026年9月4日', ''), ('ラブ・ライズ', '2026年9月4日', ''), ('戦場0地点', '2026年9月4日', ''), ('GUN FISH\u3000あなたの知らないフグの世界', '2026年9月4日', ''), ('6DAYS', '2026年9月4日', ''), ('グルスポングの奇跡', '2026年9月4日', ''), ('イミノウム', '2026年9月4日', ''), ('アベンジャーズ／エンドゲーム：アンコール', '2026年9月23日', ''), ('劇場版『メダリスト』', '2027年2月19日', ''), ('映画 九条の大罪', '2027年1月8日', ''), ('沼影市民プール', '2026年9月5日', ''), ('先行上映', '2026年9月11日', ''), ('Man', '2026年9月11日', ''), ('SAMANSA presents 世界が認めた栄冠のショート傑作選', '2026年9月11日', ''), ('オアシス：ドント・ルック・バック・イン・アンガー', '2026年9月11日', ''), ('スターヴ・エイカー 召喚', '2026年9月11日', ''), ('TAVERNA DE GAGA―人生はまだまだ面白い―', '2026年9月11日', '')]...
2026-09-02 17:06:49,165 [INFO] --- 情報源: manual ---
2026-09-02 17:06:49,165 [INFO] 手動登録イベント: 4件
2026-09-02 17:06:49,185 [INFO] 新着情報はありませんでした。
2026-09-02 17:06:49,213 [INFO] HTMLレポートを更新しました → C:\Users\user\OneDrive\Desktop\sapporo-events-site\data\index.html
2026-09-02 17:06:49,215 [INFO] チェック件数(延べ): 564 / 対象カテゴリ一致: 499 / 新着: 0 / AI判定利用: 0件(無効:GEMINI_API_KEY未設定)
2026-09-02 17:06:49,215 [INFO] === 完了 ===
2026-09-02 21:43:56,922 [INFO] === 札幌市中央区 情報収集 開始 ===
2026-09-02 21:43:56,950 [INFO] 手動登録イベント: 4件
2026-09-02 21:43:56,992 [INFO] 既存データ 480 件を最新の分類基準で再判定しました
2026-09-02 21:43:56,993 [INFO] --- 情報源: satsuibe ---
2026-09-02 21:44:01,831 [INFO] サツイベ: 1ページ目 27件
2026-09-02 21:44:06,507 [INFO] サツイベ: 2ページ目 14件
2026-09-03 17:46:43,228 [INFO] === 札幌市中央区 情報収集 開始 ===
2026-09-03 17:46:43,250 [INFO] 手動登録イベント: 4件
2026-09-03 17:46:43,271 [INFO] 既存データ 480 件を最新の分類基準で再判定しました
2026-09-03 17:46:43,272 [INFO] --- 情報源: satsuibe ---
2026-09-03 17:46:46,543 [INFO] サツイベ: 1ページ目 26件
2026-09-03 17:46:52,211 [INFO] サツイベ: 2ページ目 13件
2026-09-03 17:46:57,446 [INFO] サツイベ: 3ページ目 13件
2026-09-03 17:47:04,142 [INFO] サツイベ: 4ページ目 7件
2026-09-03 17:47:07,160 [INFO] サツイベ: 5ページ目 0件
2026-09-03 17:47:07,161 [INFO] --- 情報源: chikaho ---
2026-09-03 17:47:09,159 [INFO] チ・カ・ホ: 0件
2026-09-03 17:47:09,159 [INFO] --- 情報源: cube_garden ---
2026-09-03 17:47:11,031 [INFO] cube garden: 2件（日付らしき記載がある行のみ抽出。要目視確認）
2026-09-03 17:47:11,031 [INFO] --- 情報源: walkerplus_live ---
2026-09-03 17:47:14,469 [INFO] ウォーカープラス(音楽): 7件チェック（メジャー会場/ツアー語句一致のみ後で採用）
2026-09-03 17:47:14,469 [INFO] --- 情報源: walkerplus_anime ---
2026-09-03 17:47:16,113 [INFO] ウォーカープラス(アニメ): 0件チェック（原画展/POP UP等の語句一致のみ後で採用）
2026-09-03 17:47:16,113 [INFO] --- 情報源: eventernote_major ---
2026-09-03 17:47:34,468 [INFO] イベンターノート(主要会場): 300件チェック
2026-09-03 17:47:34,468 [INFO] --- 情報源: mitsukoshi ---
2026-09-03 17:47:36,194 [INFO] 札幌三越(催事): 7件
2026-09-03 17:47:36,194 [INFO] --- 情報源: maruiimai ---
2026-09-03 17:47:37,985 [INFO] 丸井今井札幌本店(催事): 5件
2026-09-03 17:47:37,985 [INFO] --- 情報源: movie_theaters ---
2026-09-03 17:50:04,762 [INFO] 映画館(上映中): 76件（うちアニメ映画と判定: 12件）
2026-09-03 17:50:04,768 [INFO] 映画館(上映中) 取得タイトル一覧: ['劇場版 少女☆歌劇 レヴュースタァライト', '白鳥とコウモリ', 'バックルームズ', 'オデュッセイア', 'THE RIBBON HERO リボンヒーロー', '6DAYS', '劇場版 魔法少女まどか☆マギカ 〈ワルプルギスの廻天〉', 'ラスト・サバイバー', '時には懺悔を', 'シェルター', '私はあなたを知らない、', 'ハリー・ポッターと賢者の石', 'レンタル家族', 'ウォーターガーディアンズ', 'オークストリートの異変', 'あの星が降る丘で、君とまた出会いたい。', 'ミニオンズ＆モンスターズ', 'ブルーロック', '映画クレヨンしんちゃん 奇々怪々！オラの妖怪バケ～ション', 'モアナと伝説の海', '開戦前夜', 'スパイダーマン：ブランド・ニュー・デイ', '映画ちいかわ 人魚の島のひみつ', 'パウ・パトロール ザ・ダイノ・ムービー', 'キングダム 魂の決戦', 'トイ・ストーリー５', 'Michael／マイケル', 'TVアニメ『文豪ストレイドッグス』第2シーズン「黒の時代」編上映会', 'ベベフィン・ザ・ムービー：うたとまほうのピンキッツワールド', 'SEKIRO: NO DEFEAT', 'カーズ', '『獣兵衛忍風帖』4K', 'ホーム スイート ホーム', '劇場版 THE ALFEE 3000PREMIUM トラベリングバンドが刻んだ3000本の奇跡と軌跡', '冴えないボクと映えるキミ', 'ハルバーシュタットの埋蔵金', 'ラブ・ライズ', '平行と垂直', '劇場版 TUBE 40th Anniversary Live & Documentary 〜40周年の航海記〜', '見えない娘 THE INVISIBLES', '王様戦隊キングオージャー フィルム・コンサート in シネマ', 'クラプトン・フェスティヴァル第3部「エリック・クラプトン：ライヴ・アット・ステイプルズ・センター2001」', 'グレイ・ミッション', 'ドラマなふたり', 'しらぬひ', 'ムカデ人間 4K', '機動警察パトレイバー EZY File2', 'レディ・オア・ノット２', 'だぁれかさんとアソぼ？', '【重複】ビトゥーカ ミルトン・ナシメント フェアウェルツアー（仮題）', 'ヒンド・ラジャブの声', '隣人たち', 'ゴースト・オブ・ウエノ', 'PEACOCK／ピーコック', '聴く隣人のいるところ', 'フォー・トレイルズ 限界を超えてゆけ', '美しく、黙りなさい', '黒牢城 モノクロ特別版', '悲しくて美しい世界／THIS IS SPARKLEHORSE', '大統領のケーキ', '恐怖分子', '叛逆のサウンドトラック', '雲と大地のはざまで', 'ストップ・メイキング・センス 4Kレストア', 'ナイトボーン -夜哭-', 'ヒトラーの毒見役', '白パンと独裁者', 'プライベート・ケース', '急に具合が悪くなる', 'Katy Perry: THE LIFETIMES TOUR - LIVE FROM PARIS TOHOシネマズ', 'ゴジラ×モスラ×メカゴジラ 東京SOS TOHOシネマズ', '機動戦士ガンダムSEED FREEDOM／少年とガンダム 機動戦士ガンダム50周年 -Road to 50- プロローグムービー TOHOシネマズ', 'スター・ウォーズ／マンダロリアン・アンド・グローグー TOHOシネマズ', 'ヒプノシスマイク -Division Rap Battle- TOHOシネマズ', '劇場版アイドリッシュセブン LIVE 4bit BEYOND THE PERiOD DAY2 TOHOシネマズ', '劇場版アイドリッシュセブン LIVE 4bit BEYOND THE PERiOD DAY1 TOHOシネマズ']
2026-09-03 17:50:04,769 [INFO] --- 情報源: upcoming_movies ---
2026-09-03 17:50:32,663 [INFO] 映画館(公開予定): 114件（うちアニメ映画と判定: 6件）
2026-09-03 17:50:32,663 [INFO] 映画館(公開予定) フィルタ前の全件(202件): [('白鳥とコウモリ', '2026年9月4日', ''), ('バックルームズ', '2026年9月4日', ''), ('ベベフィン・ザ・ムービー：うたとまほうのピンキッツワールド', '2026年9月4日', ''), ('『獣兵衛忍風帖』4K', '2026年9月4日', 'アニメ／時代劇'), ('スワロウテイル 4Kリマスター', '2026年9月4日', ''), ('SEKIRO: NO DEFEAT', '2026年9月4日', ''), ('THE RIBBON HERO リボンヒーロー', '2026年9月4日', ''), ('ホーム スイート ホーム', '2026年9月4日', ''), ('冴えないボクと映えるキミ', '2026年9月4日', ''), ('ヒンド・ラジャブの声', '2026年9月4日', ''), ('温泉シャーク2  九州大決戦', '2026年9月4日', ''), ('劇場版 THE ALFEE 3000PREMIUM トラベリングバンドが刻んだ3000本の奇跡と軌跡', '2026年9月4日', ''), ('猫たちと7000マイルの旅', '2026年9月4日', ''), ('ハルバーシュタットの埋蔵金', '2026年9月4日', ''), ('6DAYS', '2026年9月4日', ''), ('GUN FISH\u3000あなたの知らないフグの世界', '2026年9月4日', ''), ('戦場0地点', '2026年9月4日', ''), ('ラブ・ライズ', '2026年9月4日', ''), ('グルスポングの奇跡', '2026年9月4日', ''), ('イミノウム', '2026年9月4日', ''), ('アベンジャーズ／エンドゲーム：アンコール', '2026年9月23日', ''), ('白鳥とコウモリ', '2026年9月4日', ''), ('映画 九条の大罪', '2027年1月8日', ''), ('イミノウム', '2026年9月4日', ''), ('沼影市民プール', '2026年9月5日', ''), ('先行上映', '2026年9月11日', ''), ('Man', '2026年9月11日', ''), ('SAMANSA presents 世界が認めた栄冠のショート傑作選', '2026年9月11日', ''), ('オアシス：ドント・ルック・バック・イン・アンガー', '2026年9月11日', ''), ('スターヴ・エイカー 召喚', '2026年9月11日', '')]...
2026-09-03 17:50:32,663 [INFO] --- 情報源: manual ---
2026-09-03 17:50:32,663 [INFO] 手動登録イベント: 4件
2026-09-03 17:50:32,688 [INFO] 新着 11 件を保存しました → C:\Users\user\OneDrive\Desktop\札幌イベント情報収集\data\new_2026-09-03.csv
2026-09-03 17:50:32,706 [INFO] HTMLレポートを更新しました → C:\Users\user\OneDrive\Desktop\札幌イベント情報収集\data\index.html
2026-09-03 17:50:32,707 [INFO] チェック件数(延べ): 574 / 対象カテゴリ一致: 507 / 新着: 11 / AI判定利用: 0件(無効:GEMINI_API_KEY未設定)
2026-09-03 17:50:32,708 [INFO] === 完了 ===
2026-09-03 22:54:47,825 [INFO] === 札幌市中央区 情報収集 開始 ===
2026-09-03 22:54:47,849 [INFO] 手動登録イベント: 4件
2026-09-03 22:54:47,891 [INFO] 既存データ 491 件を最新の分類基準で再判定しました
2026-09-03 22:54:47,892 [INFO] --- 情報源: satsuibe ---
2026-09-03 22:54:53,694 [INFO] サツイベ: 1ページ目 26件
2026-09-03 22:54:56,257 [INFO] サツイベ: 2ページ目 14件
2026-09-03 22:54:58,702 [INFO] サツイベ: 3ページ目 13件
2026-09-03 22:55:01,224 [INFO] サツイベ: 4ページ目 8件
2026-09-03 22:55:05,526 [INFO] サツイベ: 5ページ目 0件
2026-09-03 22:55:05,526 [INFO] --- 情報源: chikaho ---
2026-09-03 22:55:07,525 [INFO] チ・カ・ホ: 0件
2026-09-03 22:55:07,525 [INFO] --- 情報源: cube_garden ---
2026-09-03 22:55:09,425 [INFO] cube garden: 2件（日付らしき記載がある行のみ抽出。要目視確認）
2026-09-03 22:55:09,425 [INFO] --- 情報源: walkerplus_live ---
2026-09-03 22:55:13,184 [INFO] ウォーカープラス(音楽): 7件チェック（メジャー会場/ツアー語句一致のみ後で採用）
2026-09-03 22:55:13,185 [INFO] --- 情報源: walkerplus_anime ---
2026-09-03 22:55:15,058 [INFO] ウォーカープラス(アニメ): 0件チェック（原画展/POP UP等の語句一致のみ後で採用）
2026-09-03 22:55:15,058 [INFO] --- 情報源: eventernote_major ---
2026-09-03 22:55:33,667 [INFO] イベンターノート(主要会場): 300件チェック
2026-09-03 22:55:33,667 [INFO] --- 情報源: mitsukoshi ---
2026-09-03 22:55:35,524 [INFO] 札幌三越(催事): 7件
2026-09-03 22:55:35,525 [INFO] --- 情報源: maruiimai ---
2026-09-03 22:55:37,257 [INFO] 丸井今井札幌本店(催事): 5件
2026-09-03 22:55:37,258 [INFO] --- 情報源: movie_theaters ---
2026-09-03 22:57:52,580 [INFO] 映画館(上映中): 69件（うちアニメ映画と判定: 11件）
2026-09-03 22:57:52,582 [INFO] 映画館(上映中) 取得タイトル一覧: ['劇場版 少女☆歌劇 レヴュースタァライト', '白鳥とコウモリ', 'バックルームズ', 'オデュッセイア', 'THE RIBBON HERO リボンヒーロー', '6DAYS', '劇場版 魔法少女まどか☆マギカ 〈ワルプルギスの廻天〉', 'ラスト・サバイバー', '時には懺悔を', 'シェルター', '私はあなたを知らない、', 'レンタル家族', 'オークストリートの異変', 'あの星が降る丘で、君とまた出会いたい。', 'ミニオンズ＆モンスターズ', 'ブルーロック', '映画クレヨンしんちゃん 奇々怪々！オラの妖怪バケ～ション', 'モアナと伝説の海', '開戦前夜', 'スパイダーマン：ブランド・ニュー・デイ', '映画ちいかわ 人魚の島のひみつ', 'パウ・パトロール ザ・ダイノ・ムービー', 'キングダム 魂の決戦', 'トイ・ストーリー５', 'Michael／マイケル', 'TVアニメ『文豪ストレイドッグス』第2シーズン「黒の時代」編上映会', 'ベベフィン・ザ・ムービー：うたとまほうのピンキッツワールド', 'SEKIRO: NO DEFEAT', 'カーズ', '『獣兵衛忍風帖』4K', 'ホーム スイート ホーム', '劇場版 THE ALFEE 3000PREMIUM トラベリングバンドが刻んだ3000本の奇跡と軌跡', '冴えないボクと映えるキミ', 'ハルバーシュタットの埋蔵金', 'ラブ・ライズ', '平行と垂直', '劇場版 TUBE 40th Anniversary Live & Documentary 〜40周年の航海記〜', '見えない娘 THE INVISIBLES', '王様戦隊キングオージャー フィルム・コンサート in シネマ', 'グレイ・ミッション', 'しらぬひ', '機動警察パトレイバー EZY File2', 'だぁれかさんとアソぼ？', '【重複】ビトゥーカ ミルトン・ナシメント フェアウェルツアー（仮題）', 'ヒンド・ラジャブの声', '隣人たち', 'ゴースト・オブ・ウエノ', 'PEACOCK／ピーコック', '聴く隣人のいるところ', 'フォー・トレイルズ 限界を超えてゆけ', '美しく、黙りなさい', '黒牢城 モノクロ特別版', '悲しくて美しい世界／THIS IS SPARKLEHORSE', '大統領のケーキ', '恐怖分子', '叛逆のサウンドトラック', '雲と大地のはざまで', 'ストップ・メイキング・センス 4Kレストア', 'ナイトボーン -夜哭-', 'ヒトラーの毒見役', '白パンと独裁者', 'プライベート・ケース', '急に具合が悪くなる', 'Katy Perry: THE LIFETIMES TOUR - LIVE FROM PARIS TOHOシネマズ', 'ハリー・ポッターと賢者の石 TOHOシネマズ', 'スター・ウォーズ／マンダロリアン・アンド・グローグー TOHOシネマズ', 'ヒプノシスマイク -Division Rap Battle- TOHOシネマズ', '劇場版アイドリッシュセブン LIVE 4bit BEYOND THE PERiOD DAY2 TOHOシネマズ', '劇場版アイドリッシュセブン LIVE 4bit BEYOND THE PERiOD DAY1 TOHOシネマズ']
2026-09-03 22:57:52,583 [INFO] --- 情報源: upcoming_movies ---
2026-09-03 22:58:20,893 [INFO] 映画館(公開予定): 117件（うちアニメ映画と判定: 7件）
2026-09-03 22:58:20,894 [INFO] 映画館(公開予定) フィルタ前の全件(204件): [('白鳥とコウモリ', '2026年9月4日', ''), ('バックルームズ', '2026年9月4日', ''), ('ベベフィン・ザ・ムービー：うたとまほうのピンキッツワールド', '2026年9月4日', ''), ('カーズ', '2026年9月4日', 'アニメ／ファンタジー／冒険・アドベンチャー'), ('『獣兵衛忍風帖』4K', '2026年9月4日', 'アニメ／時代劇'), ('スワロウテイル 4Kリマスター', '2026年9月4日', ''), ('SEKIRO: NO DEFEAT', '2026年9月4日', ''), ('THE RIBBON HERO リボンヒーロー', '2026年9月4日', ''), ('ホーム スイート ホーム', '2026年9月4日', ''), ('冴えないボクと映えるキミ', '2026年9月4日', ''), ('ヒンド・ラジャブの声', '2026年9月4日', ''), ('温泉シャーク2  九州大決戦', '2026年9月4日', ''), ('劇場版 THE ALFEE 3000PREMIUM トラベリングバンドが刻んだ3000本の奇跡と軌跡', '2026年9月4日', ''), ('猫たちと7000マイルの旅', '2026年9月4日', ''), ('ハルバーシュタットの埋蔵金', '2026年9月4日', ''), ('6DAYS', '2026年9月4日', ''), ('GUN FISH\u3000あなたの知らないフグの世界', '2026年9月4日', ''), ('戦場0地点', '2026年9月4日', ''), ('ラブ・ライズ', '2026年9月4日', ''), ('グルスポングの奇跡', '2026年9月4日', ''), ('アベンジャーズ／エンドゲーム：アンコール', '2026年9月23日', ''), ('白鳥とコウモリ', '2026年9月4日', ''), ('映画 九条の大罪', '2027年1月8日', ''), ('イミノウム', '2026年9月4日', ''), ('沼影市民プール', '2026年9月5日', ''), ('先行上映', '2026年9月11日', ''), ('Man', '2026年9月11日', ''), ('SAMANSA presents 世界が認めた栄冠のショート傑作選', '2026年9月11日', ''), ('オアシス：ドント・ルック・バック・イン・アンガー', '2026年9月11日', ''), ('スターヴ・エイカー 召喚', '2026年9月11日', '')]...
2026-09-03 22:58:20,894 [INFO] --- 情報源: manual ---
2026-09-03 22:58:20,894 [INFO] 手動登録イベント: 4件
2026-09-03 22:58:20,911 [INFO] 新着 1 件を保存しました → C:\Users\user\OneDrive\Desktop\札幌イベント情報収集\data\new_2026-09-03.csv
2026-09-03 22:58:20,923 [INFO] HTMLレポートを更新しました → C:\Users\user\OneDrive\Desktop\札幌イベント情報収集\data\index.html
2026-09-03 22:58:20,924 [INFO] チェック件数(延べ): 572 / 対象カテゴリ一致: 503 / 新着: 1 / AI判定利用: 0件(無効:GEMINI_API_KEY未設定)
2026-09-03 22:58:20,925 [INFO] === 完了 ===
2026-09-04 18:21:38,883 [INFO] === 札幌市中央区 情報収集 開始 ===
2026-09-04 18:21:38,906 [INFO] 手動登録イベント: 4件
2026-09-04 18:21:38,946 [INFO] 既存データ 492 件を最新の分類基準で再判定しました
2026-09-04 18:21:38,947 [INFO] --- 情報源: satsuibe ---
2026-09-04 18:21:41,976 [INFO] サツイベ: 1ページ目 25件
2026-09-04 18:21:44,428 [INFO] サツイベ: 2ページ目 13件
2026-09-04 18:21:47,461 [INFO] サツイベ: 3ページ目 13件
2026-09-04 18:21:51,590 [INFO] サツイベ: 4ページ目 9件
2026-09-04 18:21:54,658 [INFO] サツイベ: 5ページ目 0件
2026-09-04 18:21:54,658 [INFO] --- 情報源: chikaho ---
2026-09-04 18:21:56,635 [INFO] チ・カ・ホ: 0件
2026-09-04 18:21:56,636 [INFO] --- 情報源: cube_garden ---
2026-09-04 18:21:58,442 [INFO] cube garden: 2件（日付らしき記載がある行のみ抽出。要目視確認）
2026-09-04 18:21:58,442 [INFO] --- 情報源: walkerplus_live ---
2026-09-04 18:22:01,760 [INFO] ウォーカープラス(音楽): 8件チェック（メジャー会場/ツアー語句一致のみ後で採用）
2026-09-04 18:22:01,760 [INFO] --- 情報源: walkerplus_anime ---
2026-09-04 18:22:03,402 [INFO] ウォーカープラス(アニメ): 0件チェック（原画展/POP UP等の語句一致のみ後で採用）
2026-09-04 18:22:03,403 [INFO] --- 情報源: eventernote_major ---
2026-09-04 18:22:21,648 [INFO] イベンターノート(主要会場): 300件チェック
2026-09-04 18:22:21,649 [INFO] --- 情報源: mitsukoshi ---
2026-09-04 18:22:23,361 [INFO] 札幌三越(催事): 7件
2026-09-04 18:22:23,362 [INFO] --- 情報源: maruiimai ---
2026-09-04 18:22:25,177 [INFO] 丸井今井札幌本店(催事): 5件
2026-09-04 18:22:25,177 [INFO] --- 情報源: movie_theaters ---
2026-09-04 18:24:30,344 [INFO] 映画館(上映中): 64件（うちアニメ映画と判定: 11件）
2026-09-04 18:24:30,346 [INFO] 映画館(上映中) 取得タイトル一覧: ['劇場版 少女☆歌劇 レヴュースタァライト', '白鳥とコウモリ', 'バックルームズ', 'オデュッセイア', 'THE RIBBON HERO リボンヒーロー', '6DAYS', '劇場版 魔法少女まどか☆マギカ 〈ワルプルギスの廻天〉', 'ラスト・サバイバー', '時には懺悔を', 'シェルター', '私はあなたを知らない、', 'レンタル家族', 'オークストリートの異変', 'あの星が降る丘で、君とまた出会いたい。', 'ミニオンズ＆モンスターズ', 'ブルーロック', '映画クレヨンしんちゃん 奇々怪々！オラの妖怪バケ～ション', 'モアナと伝説の海', '開戦前夜', 'スパイダーマン：ブランド・ニュー・デイ', '映画ちいかわ 人魚の島のひみつ', 'パウ・パトロール ザ・ダイノ・ムービー', 'キングダム 魂の決戦', 'トイ・ストーリー５', 'Michael／マイケル', 'TVアニメ『文豪ストレイドッグス』第2シーズン「黒の時代」編上映会', 'ベベフィン・ザ・ムービー：うたとまほうのピンキッツワールド', 'SEKIRO: NO DEFEAT', 'カーズ', '『獣兵衛忍風帖』4K', 'ホーム スイート ホーム', '劇場版 THE ALFEE 3000PREMIUM トラベリングバンドが刻んだ3000本の奇跡と軌跡', '冴えないボクと映えるキミ', 'ハルバーシュタットの埋蔵金', 'ラブ・ライズ', '平行と垂直', '劇場版 TUBE 40th Anniversary Live & Documentary 〜40周年の航海記〜', '見えない娘 THE INVISIBLES', '王様戦隊キングオージャー フィルム・コンサート in シネマ', 'グレイ・ミッション', 'しらぬひ', '機動警察パトレイバー EZY File2', 'だぁれかさんとアソぼ？', '【重複】ビトゥーカ ミルトン・ナシメント フェアウェルツアー（仮題）', 'ヒンド・ラジャブの声', '隣人たち', 'ゴースト・オブ・ウエノ', 'PEACOCK／ピーコック', '聴く隣人のいるところ', 'フォー・トレイルズ 限界を超えてゆけ', '美しく、黙りなさい', '黒牢城 モノクロ特別版', '大統領のケーキ', '恐怖分子', 'ストップ・メイキング・センス 4Kレストア', 'ナイトボーン -夜哭-', '急に具合が悪くなる', '宝塚歌劇 宙組東京宝塚劇場公演『黒蜥蜴』『Diamond IMPULSE（ダイヤモンド インパルス）』千秋楽 ライブ中継 TOHOシネマズ', 'Katy Perry: THE LIFETIMES TOUR - LIVE FROM PARIS TOHOシネマズ', 'ハリー・ポッターと賢者の石 TOHOシネマズ', 'スター・ウォーズ／マンダロリアン・アンド・グローグー TOHOシネマズ', 'ヒプノシスマイク -Division Rap Battle- TOHOシネマズ', '劇場版アイドリッシュセブン LIVE 4bit BEYOND THE PERiOD DAY1 TOHOシネマズ', '劇場版アイドリッシュセブン LIVE 4bit BEYOND THE PERiOD DAY2 TOHOシネマズ']
2026-09-04 18:24:30,347 [INFO] --- 情報源: upcoming_movies ---
2026-09-04 18:24:56,681 [INFO] 映画館(公開予定): 99件（うちアニメ映画と判定: 4件）
2026-09-04 18:24:56,682 [INFO] 映画館(公開予定) フィルタ前の全件(187件): [('沼影市民プール', '2026年9月5日', ''), ('先行上映', '2026年9月11日', ''), ('オアシス：ドント・ルック・バック・イン・アンガー', '2026年9月11日', ''), ('Man', '2026年9月11日', ''), ('SAMANSA presents 世界が認めた栄冠のショート傑作選', '2026年9月11日', ''), ('スターヴ・エイカー 召喚', '2026年9月11日', ''), ('TAVERNA DE GAGA―人生はまだまだ面白い―', '2026年9月11日', ''), ('オペレーション：カブール\u3000極限救出48時間', '2026年9月11日', ''), ('マッチモンド', '2026年9月11日', ''), ('映画「宇宙なんちゃら こてつくん」うっかり出てきた宇宙人を探せ！', '2026年9月11日', ''), ('ネルソンさん、あなたは人を殺しましたか？', '2026年9月11日', ''), ('私たちは、ちょうどいい。', '2026年9月11日', ''), ('最終楽章 響け！ユーフォニアム 後編', '2026年9月11日', ''), ('5秒で完全犯罪を生成する方法', '2026年9月11日', ''), ('ルックバック', '2026年9月11日', ''), ('ノクターン・イン・ブラック', '2026年9月18日', ''), ('リサ・ラーソンがいた時間', '2026年9月18日', ''), ('モネと時間旅行', '2026年9月18日', ''), ('ワンオペレーション', '2026年9月18日', ''), ('カーンターラ 炎の決戦', '2026年9月18日', ''), ('白鳥とコウモリ', '2026年9月4日', ''), ('映画 九条の大罪', '2027年1月8日', ''), ('アベンジャーズ／エンドゲーム：アンコール', '2026年9月23日', ''), ('ドラッグストア・カウボーイ デジタルリマスター版', '2026年9月18日', ''), ('さとこはいつも', '2026年9月18日', ''), ('映画名探偵プリキュア！不思議な庭と2人の秘密', '2026年9月18日', ''), ('八つ墓村', '2026年9月18日', ''), ('踊る大捜査線 N.E.W. メトロポリスを駆け抜けろ！', '2026年9月18日', ''), ('アベンジャーズ／エンドゲーム：アンコール', '2026年9月23日', ''), ('先行上映', '2026年9月25日', '')]...
2026-09-04 18:24:56,682 [INFO] --- 情報源: manual ---
2026-09-04 18:24:56,683 [INFO] 手動登録イベント: 4件
2026-09-04 18:24:56,717 [INFO] 新着 6 件を保存しました → C:\Users\user\OneDrive\Desktop\札幌イベント情報収集\data\new_2026-09-04.csv
2026-09-04 18:24:56,738 [INFO] HTMLレポートを更新しました → C:\Users\user\OneDrive\Desktop\札幌イベント情報収集\data\index.html
2026-09-04 18:24:56,740 [INFO] チェック件数(延べ): 549 / 対象カテゴリ一致: 480 / 新着: 6 / AI判定利用: 0件(無効:GEMINI_API_KEY未設定)
2026-09-04 18:24:56,740 [INFO] === 完了 ===
2026-09-04 20:12:36,071 [INFO] === 札幌市中央区 情報収集 開始 ===
2026-09-04 20:12:36,103 [INFO] 手動登録イベント: 4件
2026-09-04 20:12:36,146 [INFO] 既存データ 498 件を最新の分類基準で再判定しました
2026-09-04 20:12:36,147 [INFO] --- 情報源: satsuibe ---
2026-09-04 20:12:40,042 [INFO] サツイベ: 1ページ目 25件
2026-09-04 20:12:42,545 [INFO] サツイベ: 2ページ目 13件
2026-09-04 20:59:16,325 [INFO] === 札幌市中央区 情報収集 開始 ===
2026-09-04 20:59:16,357 [INFO] 手動登録イベント: 4件
2026-09-04 20:59:16,383 [INFO] 既存データ 498 件を最新の分類基準で再判定しました
2026-09-04 20:59:16,384 [INFO] --- 情報源: satsuibe ---
2026-09-04 20:59:19,292 [INFO] サツイベ: 1ページ目 25件
2026-09-04 20:59:22,960 [INFO] サツイベ: 2ページ目 13件
2026-09-04 20:59:26,627 [INFO] サツイベ: 3ページ目 13件
2026-09-04 20:59:29,376 [INFO] サツイベ: 4ページ目 10件
2026-09-04 20:59:31,855 [INFO] サツイベ: 5ページ目 0件
2026-09-04 20:59:31,855 [INFO] --- 情報源: chikaho ---
2026-09-04 20:59:33,734 [INFO] チ・カ・ホ: 0件
2026-09-04 20:59:33,734 [INFO] --- 情報源: cube_garden ---
2026-09-04 20:59:35,581 [INFO] cube garden: 2件（日付らしき記載がある行のみ抽出。要目視確認）
2026-09-04 20:59:35,581 [INFO] --- 情報源: walkerplus_live ---
2026-09-04 20:59:39,299 [INFO] ウォーカープラス(音楽): 8件チェック（メジャー会場/ツアー語句一致のみ後で採用）
2026-09-04 20:59:39,299 [INFO] --- 情報源: walkerplus_anime ---
2026-09-04 20:59:41,154 [INFO] ウォーカープラス(アニメ): 0件チェック（原画展/POP UP等の語句一致のみ後で採用）
2026-09-04 20:59:41,154 [INFO] --- 情報源: eventernote_major ---
2026-09-04 20:59:59,679 [INFO] イベンターノート(主要会場): 300件チェック
2026-09-04 20:59:59,680 [INFO] --- 情報源: mitsukoshi ---
2026-09-04 21:00:01,461 [INFO] 札幌三越(催事): 7件
2026-09-04 21:00:01,462 [INFO] --- 情報源: maruiimai ---
2026-09-04 21:00:03,241 [INFO] 丸井今井札幌本店(催事): 5件
2026-09-04 21:00:03,241 [INFO] --- 情報源: movie_theaters ---
2026-09-04 21:24:39,599 [INFO] === 札幌市中央区 情報収集 開始 ===
2026-09-04 21:24:39,654 [INFO] 手動登録イベント: 4件
2026-09-04 21:24:39,696 [INFO] 既存データ 498 件を最新の分類基準で再判定しました
2026-09-04 21:24:39,697 [INFO] --- 情報源: satsuibe ---
2026-09-04 21:24:42,802 [INFO] サツイベ: 1ページ目 25件
2026-09-04 21:24:45,249 [INFO] サツイベ: 2ページ目 14件
2026-09-04 21:24:47,728 [INFO] サツイベ: 3ページ目 12件
2026-09-04 21:24:51,563 [INFO] サツイベ: 4ページ目 11件
2026-09-04 21:24:54,105 [INFO] サツイベ: 5ページ目 0件
2026-09-04 21:24:54,106 [INFO] --- 情報源: chikaho ---
2026-09-04 21:24:56,300 [INFO] チ・カ・ホ: 0件
2026-09-04 21:24:56,301 [INFO] --- 情報源: cube_garden ---
2026-09-04 21:24:58,123 [INFO] cube garden: 2件（日付らしき記載がある行のみ抽出。要目視確認）
2026-09-04 21:24:58,124 [INFO] --- 情報源: walkerplus_live ---
2026-09-04 21:25:01,481 [INFO] ウォーカープラス(音楽): 8件チェック（メジャー会場/ツアー語句一致のみ後で採用）
2026-09-04 21:25:01,481 [INFO] --- 情報源: walkerplus_anime ---
2026-09-04 21:25:03,122 [INFO] ウォーカープラス(アニメ): 0件チェック（原画展/POP UP等の語句一致のみ後で採用）
2026-09-04 21:25:03,123 [INFO] --- 情報源: eventernote_major ---
2026-09-04 21:25:22,131 [INFO] イベンターノート(主要会場): 300件チェック
2026-09-04 21:25:22,132 [INFO] --- 情報源: mitsukoshi ---
2026-09-04 21:25:23,869 [INFO] 札幌三越(催事): 7件
2026-09-04 21:25:23,870 [INFO] --- 情報源: maruiimai ---
2026-09-04 21:25:25,626 [INFO] 丸井今井札幌本店(催事): 5件
2026-09-04 21:25:25,626 [INFO] --- 情報源: movie_theaters ---
2026-09-04 21:27:04,130 [INFO] 映画館(上映中): 50件（うちアニメ映画と判定: 11件）
2026-09-04 21:27:04,149 [INFO] 映画館(上映中) 取得タイトル一覧: ['劇場版 少女☆歌劇 レヴュースタァライト', '白鳥とコウモリ', 'バックルームズ', 'オデュッセイア', 'THE RIBBON HERO リボンヒーロー', '6DAYS', '劇場版 魔法少女まどか☆マギカ 〈ワルプルギスの廻天〉', 'ラスト・サバイバー', '時には懺悔を', 'シェルター', '私はあなたを知らない、', 'レンタル家族', 'オークストリートの異変', 'あの星が降る丘で、君とまた出会いたい。', 'ミニオンズ＆モンスターズ', 'ブルーロック', '映画クレヨンしんちゃん 奇々怪々！オラの妖怪バケ～ション', 'モアナと伝説の海', '開戦前夜', 'スパイダーマン：ブランド・ニュー・デイ', '映画ちいかわ 人魚の島のひみつ', 'パウ・パトロール ザ・ダイノ・ムービー', 'キングダム 魂の決戦', 'トイ・ストーリー５', 'Michael／マイケル', 'TVアニメ『文豪ストレイドッグス』第2シーズン「黒の時代」編上映会', 'ベベフィン・ザ・ムービー：うたとまほうのピンキッツワールド', 'SEKIRO: NO DEFEAT', 'カーズ', '『獣兵衛忍風帖』4K', 'ホーム スイート ホーム', '劇場版 THE ALFEE 3000PREMIUM トラベリングバンドが刻んだ3000本の奇跡と軌跡', '冴えないボクと映えるキミ', 'ハルバーシュタットの埋蔵金', 'ラブ・ライズ', '平行と垂直', '劇場版 TUBE 40th Anniversary Live & Documentary 〜40周年の航海記〜', '見えない娘 THE INVISIBLES', '王様戦隊キングオージャー フィルム・コンサート in シネマ', 'グレイ・ミッション', 'しらぬひ', '機動警察パトレイバー EZY File2', 'だぁれかさんとアソぼ？', '宝塚歌劇 宙組東京宝塚劇場公演『黒蜥蜴』『Diamond IMPULSE（ダイヤモンド インパルス）』千秋楽 ライブ中継 TOHOシネマズ', 'Katy Perry: THE LIFETIMES TOUR - LIVE FROM PARIS TOHOシネマズ', 'ハリー・ポッターと賢者の石 TOHOシネマズ', 'スター・ウォーズ／マンダロリアン・アンド・グローグー TOHOシネマズ', 'ヒプノシスマイク -Division Rap Battle- TOHOシネマズ', '劇場版アイドリッシュセブン LIVE 4bit BEYOND THE PERiOD DAY1 TOHOシネマズ', '劇場版アイドリッシュセブン LIVE 4bit BEYOND THE PERiOD DAY2 TOHOシネマズ']
2026-09-04 21:27:04,153 [INFO] --- 情報源: upcoming_movies ---
2026-09-04 21:27:35,152 [INFO] 映画館(公開予定): 99件（うちアニメ映画と判定: 4件）
2026-09-04 21:27:35,153 [INFO] 映画館(公開予定) フィルタ前の全件(187件): [('沼影市民プール', '2026年9月5日', ''), ('先行上映', '2026年9月11日', ''), ('オアシス：ドント・ルック・バック・イン・アンガー', '2026年9月11日', ''), ('Man', '2026年9月11日', ''), ('SAMANSA presents 世界が認めた栄冠のショート傑作選', '2026年9月11日', ''), ('スターヴ・エイカー 召喚', '2026年9月11日', ''), ('TAVERNA DE GAGA―人生はまだまだ面白い―', '2026年9月11日', ''), ('オペレーション：カブール\u3000極限救出48時間', '2026年9月11日', ''), ('マッチモンド', '2026年9月11日', ''), ('映画「宇宙なんちゃら こてつくん」うっかり出てきた宇宙人を探せ！', '2026年9月11日', ''), ('ネルソンさん、あなたは人を殺しましたか？', '2026年9月11日', ''), ('私たちは、ちょうどいい。', '2026年9月11日', ''), ('最終楽章 響け！ユーフォニアム 後編', '2026年9月11日', ''), ('5秒で完全犯罪を生成する方法', '2026年9月11日', ''), ('ルックバック', '2026年9月11日', ''), ('ノクターン・イン・ブラック', '2026年9月18日', ''), ('リサ・ラーソンがいた時間', '2026年9月18日', ''), ('モネと時間旅行', '2026年9月18日', ''), ('ワンオペレーション', '2026年9月18日', ''), ('カーンターラ 炎の決戦', '2026年9月18日', ''), ('白鳥とコウモリ', '2026年9月4日', ''), ('映画 九条の大罪', '2027年1月8日', ''), ('アベンジャーズ／エンドゲーム：アンコール', '2026年9月23日', ''), ('ドラッグストア・カウボーイ デジタルリマスター版', '2026年9月18日', ''), ('さとこはいつも', '2026年9月18日', ''), ('映画名探偵プリキュア！不思議な庭と2人の秘密', '2026年9月18日', ''), ('八つ墓村', '2026年9月18日', ''), ('踊る大捜査線 N.E.W. メトロポリスを駆け抜けろ！', '2026年9月18日', ''), ('アベンジャーズ／エンドゲーム：アンコール', '2026年9月23日', ''), ('先行上映', '2026年9月25日', '')]...
2026-09-04 21:27:35,154 [INFO] --- 情報源: manual ---
2026-09-04 21:27:35,155 [INFO] 手動登録イベント: 4件
2026-09-04 21:27:35,181 [INFO] 新着情報はありませんでした。
2026-09-04 21:27:35,211 [INFO] HTMLレポートを更新しました → C:\Users\user\OneDrive\Desktop\札幌イベント情報収集\data\index.html
2026-09-04 21:27:35,213 [INFO] チェック件数(延べ): 537 / 対象カテゴリ一致: 466 / 新着: 0 / AI判定利用: 0件(無効:GEMINI_API_KEY未設定)
2026-09-04 21:27:35,213 [INFO] === 完了 ===
2026-09-04 21:29:10,479 [INFO] === 札幌市中央区 情報収集 開始 ===
2026-09-04 21:29:10,521 [INFO] 手動登録イベント: 4件
2026-09-04 21:29:10,576 [INFO] 既存データ 498 件を最新の分類基準で再判定しました
2026-09-04 21:29:10,576 [INFO] --- 情報源: satsuibe ---
2026-09-04 21:29:14,707 [INFO] サツイベ: 1ページ目 25件
2026-09-04 21:29:17,195 [INFO] サツイベ: 2ページ目 14件
2026-09-04 21:29:19,640 [INFO] サツイベ: 3ページ目 12件
2026-09-04 21:29:22,070 [INFO] サツイベ: 4ページ目 11件
2026-09-04 21:29:24,432 [INFO] サツイベ: 5ページ目 0件
2026-09-04 21:29:24,433 [INFO] --- 情報源: chikaho ---
2026-09-04 21:29:26,479 [INFO] チ・カ・ホ: 0件
2026-09-04 21:29:26,480 [INFO] --- 情報源: cube_garden ---
2026-09-04 21:29:28,343 [INFO] cube garden: 2件（日付らしき記載がある行のみ抽出。要目視確認）
2026-09-04 21:29:28,343 [INFO] --- 情報源: walkerplus_live ---
2026-09-04 21:29:32,263 [INFO] ウォーカープラス(音楽): 8件チェック（メジャー会場/ツアー語句一致のみ後で採用）
2026-09-04 21:29:32,264 [INFO] --- 情報源: walkerplus_anime ---
2026-09-04 21:29:33,902 [INFO] ウォーカープラス(アニメ): 0件チェック（原画展/POP UP等の語句一致のみ後で採用）
2026-09-04 21:29:33,903 [INFO] --- 情報源: eventernote_major ---
2026-09-04 21:29:52,549 [INFO] イベンターノート(主要会場): 300件チェック
2026-09-04 21:29:52,549 [INFO] --- 情報源: mitsukoshi ---
2026-09-04 21:29:54,266 [INFO] 札幌三越(催事): 7件
2026-09-04 21:29:54,267 [INFO] --- 情報源: maruiimai ---
2026-09-04 21:29:56,027 [INFO] 丸井今井札幌本店(催事): 5件
2026-09-04 21:29:56,027 [INFO] --- 情報源: movie_theaters ---
2026-09-04 21:31:25,824 [INFO] 映画館(上映中): 50件（うちアニメ映画と判定: 11件）
2026-09-04 21:31:25,828 [INFO] 映画館(上映中) 取得タイトル一覧: ['劇場版 少女☆歌劇 レヴュースタァライト', '白鳥とコウモリ', 'バックルームズ', 'オデュッセイア', 'THE RIBBON HERO リボンヒーロー', '6DAYS', '劇場版 魔法少女まどか☆マギカ 〈ワルプルギスの廻天〉', 'ラスト・サバイバー', '時には懺悔を', 'シェルター', '私はあなたを知らない、', 'レンタル家族', 'オークストリートの異変', 'あの星が降る丘で、君とまた出会いたい。', 'ミニオンズ＆モンスターズ', 'ブルーロック', '映画クレヨンしんちゃん 奇々怪々！オラの妖怪バケ～ション', 'モアナと伝説の海', '開戦前夜', 'スパイダーマン：ブランド・ニュー・デイ', '映画ちいかわ 人魚の島のひみつ', 'パウ・パトロール ザ・ダイノ・ムービー', 'キングダム 魂の決戦', 'トイ・ストーリー５', 'Michael／マイケル', 'TVアニメ『文豪ストレイドッグス』第2シーズン「黒の時代」編上映会', 'ベベフィン・ザ・ムービー：うたとまほうのピンキッツワールド', 'SEKIRO: NO DEFEAT', 'カーズ', '『獣兵衛忍風帖』4K', 'ホーム スイート ホーム', '劇場版 THE ALFEE 3000PREMIUM トラベリングバンドが刻んだ3000本の奇跡と軌跡', '冴えないボクと映えるキミ', 'ハルバーシュタットの埋蔵金', 'ラブ・ライズ', '平行と垂直', '劇場版 TUBE 40th Anniversary Live & Documentary 〜40周年の航海記〜', '見えない娘 THE INVISIBLES', '王様戦隊キングオージャー フィルム・コンサート in シネマ', 'グレイ・ミッション', 'しらぬひ', '機動警察パトレイバー EZY File2', 'だぁれかさんとアソぼ？', '宝塚歌劇 宙組東京宝塚劇場公演『黒蜥蜴』『Diamond IMPULSE（ダイヤモンド インパルス）』千秋楽 ライブ中継 TOHOシネマズ', 'Katy Perry: THE LIFETIMES TOUR - LIVE FROM PARIS TOHOシネマズ', 'ハリー・ポッターと賢者の石 TOHOシネマズ', 'スター・ウォーズ／マンダロリアン・アンド・グローグー TOHOシネマズ', 'ヒプノシスマイク -Division Rap Battle- TOHOシネマズ', '劇場版アイドリッシュセブン LIVE 4bit BEYOND THE PERiOD DAY1 TOHOシネマズ', '劇場版アイドリッシュセブン LIVE 4bit BEYOND THE PERiOD DAY2 TOHOシネマズ']
2026-09-04 21:31:25,829 [INFO] --- 情報源: upcoming_movies ---
2026-09-04 21:31:52,981 [INFO] 映画館(公開予定): 99件（うちアニメ映画と判定: 4件）
2026-09-04 21:31:52,982 [INFO] 映画館(公開予定) フィルタ前の全件(187件): [('沼影市民プール', '2026年9月5日', ''), ('先行上映', '2026年9月11日', ''), ('オアシス：ドント・ルック・バック・イン・アンガー', '2026年9月11日', ''), ('Man', '2026年9月11日', ''), ('SAMANSA presents 世界が認めた栄冠のショート傑作選', '2026年9月11日', ''), ('スターヴ・エイカー 召喚', '2026年9月11日', ''), ('TAVERNA DE GAGA―人生はまだまだ面白い―', '2026年9月11日', ''), ('オペレーション：カブール\u3000極限救出48時間', '2026年9月11日', ''), ('マッチモンド', '2026年9月11日', ''), ('映画「宇宙なんちゃら こてつくん」うっかり出てきた宇宙人を探せ！', '2026年9月11日', ''), ('ネルソンさん、あなたは人を殺しましたか？', '2026年9月11日', ''), ('私たちは、ちょうどいい。', '2026年9月11日', ''), ('最終楽章 響け！ユーフォニアム 後編', '2026年9月11日', ''), ('5秒で完全犯罪を生成する方法', '2026年9月11日', ''), ('ルックバック', '2026年9月11日', ''), ('ノクターン・イン・ブラック', '2026年9月18日', ''), ('リサ・ラーソンがいた時間', '2026年9月18日', ''), ('モネと時間旅行', '2026年9月18日', ''), ('ワンオペレーション', '2026年9月18日', ''), ('カーンターラ 炎の決戦', '2026年9月18日', ''), ('白鳥とコウモリ', '2026年9月4日', ''), ('映画 九条の大罪', '2027年1月8日', ''), ('アベンジャーズ／エンドゲーム：アンコール', '2026年9月23日', ''), ('ドラッグストア・カウボーイ デジタルリマスター版', '2026年9月18日', ''), ('さとこはいつも', '2026年9月18日', ''), ('映画名探偵プリキュア！不思議な庭と2人の秘密', '2026年9月18日', ''), ('八つ墓村', '2026年9月18日', ''), ('踊る大捜査線 N.E.W. メトロポリスを駆け抜けろ！', '2026年9月18日', ''), ('アベンジャーズ／エンドゲーム：アンコール', '2026年9月23日', ''), ('先行上映', '2026年9月25日', '')]...
2026-09-04 21:31:52,982 [INFO] --- 情報源: manual ---
2026-09-04 21:31:52,983 [INFO] 手動登録イベント: 4件
2026-09-04 21:31:53,017 [INFO] 新着情報はありませんでした。
2026-09-04 21:31:53,044 [INFO] HTMLレポートを更新しました → C:\Users\user\OneDrive\Desktop\札幌イベント情報収集\data\index.html
2026-09-04 21:31:53,046 [INFO] チェック件数(延べ): 537 / 対象カテゴリ一致: 466 / 新着: 0 / AI判定利用: 0件(無効:GEMINI_API_KEY未設定)
2026-09-04 21:31:53,048 [INFO] === 完了 ===
2026-09-04 21:32:03,225 [INFO] === 札幌市中央区 情報収集 開始 ===
2026-09-04 21:32:03,231 [INFO] 手動登録イベント: 4件
2026-09-04 21:32:03,284 [INFO] 既存データ 498 件を最新の分類基準で再判定しました
2026-09-04 21:32:03,285 [INFO] --- 情報源: satsuibe ---
2026-09-04 21:32:06,121 [INFO] サツイベ: 1ページ目 25件
2026-09-04 21:32:10,137 [INFO] サツイベ: 2ページ目 14件
2026-09-04 21:32:13,130 [INFO] サツイベ: 3ページ目 12件
2026-09-04 21:32:15,603 [INFO] サツイベ: 4ページ目 11件
2026-09-04 21:32:18,015 [INFO] サツイベ: 5ページ目 0件
2026-09-04 21:32:18,015 [INFO] --- 情報源: chikaho ---
2026-09-04 21:32:20,033 [INFO] チ・カ・ホ: 0件
2026-09-04 21:32:20,033 [INFO] --- 情報源: cube_garden ---
2026-09-04 21:32:21,885 [INFO] cube garden: 2件（日付らしき記載がある行のみ抽出。要目視確認）
2026-09-04 21:32:21,886 [INFO] --- 情報源: walkerplus_live ---
2026-09-04 21:32:25,213 [INFO] ウォーカープラス(音楽): 8件チェック（メジャー会場/ツアー語句一致のみ後で採用）
2026-09-04 21:32:25,214 [INFO] --- 情報源: walkerplus_anime ---
2026-09-04 21:32:26,854 [INFO] ウォーカープラス(アニメ): 0件チェック（原画展/POP UP等の語句一致のみ後で採用）
2026-09-04 21:32:26,855 [INFO] --- 情報源: eventernote_major ---
2026-09-04 21:32:45,359 [INFO] イベンターノート(主要会場): 300件チェック
2026-09-04 21:32:45,360 [INFO] --- 情報源: mitsukoshi ---
2026-09-04 21:32:47,084 [INFO] 札幌三越(催事): 7件
2026-09-04 21:32:47,085 [INFO] --- 情報源: maruiimai ---
2026-09-04 21:32:48,843 [INFO] 丸井今井札幌本店(催事): 5件
2026-09-04 21:32:48,844 [INFO] --- 情報源: movie_theaters ---
2026-09-04 21:34:22,630 [INFO] 映画館(上映中): 50件（うちアニメ映画と判定: 11件）
2026-09-04 21:34:22,632 [INFO] 映画館(上映中) 取得タイトル一覧: ['劇場版 少女☆歌劇 レヴュースタァライト', '白鳥とコウモリ', 'バックルームズ', 'オデュッセイア', 'THE RIBBON HERO リボンヒーロー', '6DAYS', '劇場版 魔法少女まどか☆マギカ 〈ワルプルギスの廻天〉', 'ラスト・サバイバー', '時には懺悔を', 'シェルター', '私はあなたを知らない、', 'レンタル家族', 'オークストリートの異変', 'あの星が降る丘で、君とまた出会いたい。', 'ミニオンズ＆モンスターズ', 'ブルーロック', '映画クレヨンしんちゃん 奇々怪々！オラの妖怪バケ～ション', 'モアナと伝説の海', '開戦前夜', 'スパイダーマン：ブランド・ニュー・デイ', '映画ちいかわ 人魚の島のひみつ', 'パウ・パトロール ザ・ダイノ・ムービー', 'キングダム 魂の決戦', 'トイ・ストーリー５', 'Michael／マイケル', 'TVアニメ『文豪ストレイドッグス』第2シーズン「黒の時代」編上映会', 'ベベフィン・ザ・ムービー：うたとまほうのピンキッツワールド', 'SEKIRO: NO DEFEAT', 'カーズ', '『獣兵衛忍風帖』4K', 'ホーム スイート ホーム', '劇場版 THE ALFEE 3000PREMIUM トラベリングバンドが刻んだ3000本の奇跡と軌跡', '冴えないボクと映えるキミ', 'ハルバーシュタットの埋蔵金', 'ラブ・ライズ', '平行と垂直', '劇場版 TUBE 40th Anniversary Live & Documentary 〜40周年の航海記〜', '見えない娘 THE INVISIBLES', '王様戦隊キングオージャー フィルム・コンサート in シネマ', 'グレイ・ミッション', 'しらぬひ', '機動警察パトレイバー EZY File2', 'だぁれかさんとアソぼ？', '宝塚歌劇 宙組東京宝塚劇場公演『黒蜥蜴』『Diamond IMPULSE（ダイヤモンド インパルス）』千秋楽 ライブ中継 TOHOシネマズ', 'Katy Perry: THE LIFETIMES TOUR - LIVE FROM PARIS TOHOシネマズ', 'ハリー・ポッターと賢者の石 TOHOシネマズ', 'スター・ウォーズ／マンダロリアン・アンド・グローグー TOHOシネマズ', 'ヒプノシスマイク -Division Rap Battle- TOHOシネマズ', '劇場版アイドリッシュセブン LIVE 4bit BEYOND THE PERiOD DAY1 TOHOシネマズ', '劇場版アイドリッシュセブン LIVE 4bit BEYOND THE PERiOD DAY2 TOHOシネマズ']
2026-09-04 21:34:22,635 [INFO] --- 情報源: upcoming_movies ---
2026-09-04 21:34:47,619 [INFO] 映画館(公開予定): 99件（うちアニメ映画と判定: 4件）
2026-09-04 21:34:47,620 [INFO] 映画館(公開予定) フィルタ前の全件(187件): [('沼影市民プール', '2026年9月5日', ''), ('先行上映', '2026年9月11日', ''), ('オアシス：ドント・ルック・バック・イン・アンガー', '2026年9月11日', ''), ('Man', '2026年9月11日', ''), ('SAMANSA presents 世界が認めた栄冠のショート傑作選', '2026年9月11日', ''), ('スターヴ・エイカー 召喚', '2026年9月11日', ''), ('TAVERNA DE GAGA―人生はまだまだ面白い―', '2026年9月11日', ''), ('オペレーション：カブール\u3000極限救出48時間', '2026年9月11日', ''), ('マッチモンド', '2026年9月11日', ''), ('映画「宇宙なんちゃら こてつくん」うっかり出てきた宇宙人を探せ！', '2026年9月11日', ''), ('ネルソンさん、あなたは人を殺しましたか？', '2026年9月11日', ''), ('私たちは、ちょうどいい。', '2026年9月11日', ''), ('最終楽章 響け！ユーフォニアム 後編', '2026年9月11日', ''), ('5秒で完全犯罪を生成する方法', '2026年9月11日', ''), ('ルックバック', '2026年9月11日', ''), ('ノクターン・イン・ブラック', '2026年9月18日', ''), ('リサ・ラーソンがいた時間', '2026年9月18日', ''), ('モネと時間旅行', '2026年9月18日', ''), ('ワンオペレーション', '2026年9月18日', ''), ('カーンターラ 炎の決戦', '2026年9月18日', ''), ('白鳥とコウモリ', '2026年9月4日', ''), ('映画 九条の大罪', '2027年1月8日', ''), ('アベンジャーズ／エンドゲーム：アンコール', '2026年9月23日', ''), ('ドラッグストア・カウボーイ デジタルリマスター版', '2026年9月18日', ''), ('さとこはいつも', '2026年9月18日', ''), ('映画名探偵プリキュア！不思議な庭と2人の秘密', '2026年9月18日', ''), ('八つ墓村', '2026年9月18日', ''), ('踊る大捜査線 N.E.W. メトロポリスを駆け抜けろ！', '2026年9月18日', ''), ('アベンジャーズ／エンドゲーム：アンコール', '2026年9月23日', ''), ('先行上映', '2026年9月25日', '')]...
2026-09-04 21:34:47,620 [INFO] --- 情報源: manual ---
2026-09-04 21:34:47,620 [INFO] 手動登録イベント: 4件
2026-09-04 21:34:47,646 [INFO] 新着情報はありませんでした。
2026-09-04 21:34:47,672 [INFO] HTMLレポートを更新しました → C:\Users\user\OneDrive\Desktop\札幌イベント情報収集\data\index.html
2026-09-04 21:34:47,674 [INFO] チェック件数(延べ): 537 / 対象カテゴリ一致: 466 / 新着: 0 / AI判定利用: 0件(無効:GEMINI_API_KEY未設定)
2026-09-04 21:34:47,675 [INFO] === 完了 ===
2026-09-05 16:11:45,235 [INFO] === 札幌市中央区 情報収集 開始 ===
2026-09-05 16:11:45,239 [INFO] 手動登録イベント: 4件
2026-09-05 16:11:45,269 [INFO] 既存データ 498 件を最新の分類基準で再判定しました
2026-09-05 16:11:45,270 [INFO] --- 情報源: satsuibe ---
2026-09-05 16:11:48,125 [INFO] サツイベ: 1ページ目 27件
2026-09-05 16:11:51,946 [INFO] サツイベ: 2ページ目 13件
2026-09-05 16:11:54,227 [INFO] サツイベ: 3ページ目 13件
2026-09-05 16:11:56,536 [INFO] サツイベ: 4ページ目 10件
2026-09-05 16:11:58,766 [INFO] サツイベ: 5ページ目 0件
2026-09-05 16:11:58,766 [INFO] --- 情報源: chikaho ---
2026-09-05 16:12:00,771 [INFO] チ・カ・ホ: 0件
2026-09-05 16:12:00,771 [INFO] --- 情報源: cube_garden ---
2026-09-05 16:12:02,594 [INFO] cube garden: 2件（日付らしき記載がある行のみ抽出。要目視確認）
2026-09-05 16:12:02,594 [INFO] --- 情報源: walkerplus_live ---
2026-09-05 16:12:06,754 [INFO] ウォーカープラス(音楽): 8件チェック（メジャー会場/ツアー語句一致のみ後で採用）
2026-09-05 16:12:06,755 [INFO] --- 情報源: walkerplus_anime ---
2026-09-05 16:12:08,598 [INFO] ウォーカープラス(アニメ): 0件チェック（原画展/POP UP等の語句一致のみ後で採用）
2026-09-05 16:12:08,598 [INFO] --- 情報源: eventernote_major ---
2026-09-05 16:12:26,572 [INFO] イベンターノート(主要会場): 300件チェック
2026-09-05 16:12:26,573 [INFO] --- 情報源: mitsukoshi ---
2026-09-05 16:12:28,317 [INFO] 札幌三越(催事): 7件
2026-09-05 16:12:28,318 [INFO] --- 情報源: maruiimai ---
2026-09-05 16:12:30,066 [INFO] 丸井今井札幌本店(催事): 5件
2026-09-05 16:12:30,066 [INFO] --- 情報源: movie_theaters ---
2026-09-05 16:14:07,542 [INFO] 映画館(上映中): 49件（うちアニメ映画と判定: 10件）
2026-09-05 16:14:07,543 [INFO] 映画館(上映中) 取得タイトル一覧: ['劇場版 少女☆歌劇 レヴュースタァライト', '白鳥とコウモリ', 'バックルームズ', 'オデュッセイア', 'THE RIBBON HERO リボンヒーロー', '6DAYS', '劇場版 魔法少女まどか☆マギカ 〈ワルプルギスの廻天〉', 'ラスト・サバイバー', '時には懺悔を', 'シェルター', '私はあなたを知らない、', 'レンタル家族', 'オークストリートの異変', 'あの星が降る丘で、君とまた出会いたい。', 'ミニオンズ＆モンスターズ', 'ブルーロック', '映画クレヨンしんちゃん 奇々怪々！オラの妖怪バケ～ション', 'モアナと伝説の海', '開戦前夜', 'スパイダーマン：ブランド・ニュー・デイ', '映画ちいかわ 人魚の島のひみつ', 'パウ・パトロール ザ・ダイノ・ムービー', 'キングダム 魂の決戦', 'トイ・ストーリー５', 'Michael／マイケル', 'ベベフィン・ザ・ムービー：うたとまほうのピンキッツワールド', 'SEKIRO: NO DEFEAT', 'カーズ', '『獣兵衛忍風帖』4K', 'ホーム スイート ホーム', '劇場版 THE ALFEE 3000PREMIUM トラベリングバンドが刻んだ3000本の奇跡と軌跡', '冴えないボクと映えるキミ', 'ハルバーシュタットの埋蔵金', 'ラブ・ライズ', '平行と垂直', '劇場版 TUBE 40th Anniversary Live & Documentary 〜40周年の航海記〜', '見えない娘 THE INVISIBLES', '王様戦隊キングオージャー フィルム・コンサート in シネマ', 'グレイ・ミッション', 'しらぬひ', '機動警察パトレイバー EZY File2', 'だぁれかさんとアソぼ？', '宝塚歌劇 宙組東京宝塚劇場公演『黒蜥蜴』『Diamond IMPULSE（ダイヤモンド インパルス）』千秋楽 ライブ中継 TOHOシネマズ', 'Katy Perry: THE LIFETIMES TOUR - LIVE FROM PARIS TOHOシネマズ', 'ハリー・ポッターと賢者の石 TOHOシネマズ', 'スター・ウォーズ／マンダロリアン・アンド・グローグー TOHOシネマズ', 'ヒプノシスマイク -Division Rap Battle- TOHOシネマズ', '劇場版アイドリッシュセブン LIVE 4bit BEYOND THE PERiOD DAY2 TOHOシネマズ', '劇場版アイドリッシュセブン LIVE 4bit BEYOND THE PERiOD DAY1 TOHOシネマズ']
2026-09-05 16:14:07,543 [INFO] --- 情報源: upcoming_movies ---
2026-09-05 16:14:37,841 [INFO] 映画館(公開予定): 98件（うちアニメ映画と判定: 4件）
2026-09-05 16:14:37,842 [INFO] 映画館(公開予定) フィルタ前の全件(186件): [('先行上映', '2026年9月11日', ''), ('私たちは、ちょうどいい。', '2026年9月11日', ''), ('オアシス：ドント・ルック・バック・イン・アンガー', '2026年9月11日', ''), ('最終楽章 響け！ユーフォニアム 後編', '2026年9月11日', ''), ('Man', '2026年9月11日', ''), ('SAMANSA presents 世界が認めた栄冠のショート傑作選', '2026年9月11日', ''), ('スターヴ・エイカー 召喚', '2026年9月11日', ''), ('TAVERNA DE GAGA―人生はまだまだ面白い―', '2026年9月11日', ''), ('オペレーション：カブール\u3000極限救出48時間', '2026年9月11日', ''), ('マッチモンド', '2026年9月11日', ''), ('映画「宇宙なんちゃら こてつくん」うっかり出てきた宇宙人を探せ！', '2026年9月11日', ''), ('ネルソンさん、あなたは人を殺しましたか？', '2026年9月11日', ''), ('5秒で完全犯罪を生成する方法', '2026年9月11日', ''), ('ルックバック', '2026年9月11日', ''), ('ノクターン・イン・ブラック', '2026年9月18日', ''), ('リサ・ラーソンがいた時間', '2026年9月18日', ''), ('モネと時間旅行', '2026年9月18日', ''), ('ワンオペレーション', '2026年9月18日', ''), ('カーンターラ 炎の決戦', '2026年9月18日', ''), ('ドラッグストア・カウボーイ デジタルリマスター版', '2026年9月18日', ''), ('オデュッセイア', '2026年9月11日', ''), ('踊る大捜査線 N.E.W. メトロポリスを駆け抜けろ！', '2026年9月18日', ''), ('汝、星のごとく', '2026年10月9日', ''), ('さとこはいつも', '2026年9月18日', ''), ('映画名探偵プリキュア！不思議な庭と2人の秘密', '2026年9月18日', ''), ('八つ墓村', '2026年9月18日', ''), ('踊る大捜査線 N.E.W. メトロポリスを駆け抜けろ！', '2026年9月18日', ''), ('アベンジャーズ／エンドゲーム：アンコール', '2026年9月23日', ''), ('先行上映', '2026年9月25日', ''), ('マーダー・イン・ザ・フロント・ロウ～俺たちのベイエリア・スラッシュ物語～', '2026年9月25日', '')]...
2026-09-05 16:14:37,842 [INFO] --- 情報源: manual ---
2026-09-05 16:14:37,843 [INFO] 手動登録イベント: 4件
2026-09-05 16:14:37,850 [INFO] 新着情報はありませんでした。
2026-09-05 16:14:37,859 [INFO] HTMLレポートを更新しました → C:\Users\user\projects\sapporo-events\data\index.html
2026-09-05 16:14:37,861 [INFO] チェック件数(延べ): 536 / 対象カテゴリ一致: 464 / 新着: 0 / AI判定利用: 0件(無効:GEMINI_API_KEY未設定)
2026-09-05 16:14:37,861 [INFO] === 完了 ===
2026-09-05 16:48:52,038 [INFO] === 札幌市中央区 情報収集 開始 ===
2026-09-05 16:48:52,043 [INFO] 手動登録イベント: 4件
2026-09-05 16:48:52,078 [INFO] 既存データ 498 件を最新の分類基準で再判定しました
2026-09-05 16:48:52,078 [INFO] --- 情報源: satsuibe ---
2026-09-05 16:48:54,546 [INFO] サツイベ: 1ページ目 27件
2026-09-05 16:48:56,877 [INFO] サツイベ: 2ページ目 13件
2026-09-05 16:48:59,200 [INFO] サツイベ: 3ページ目 13件
2026-09-05 16:49:01,511 [INFO] サツイベ: 4ページ目 10件
2026-09-05 16:49:03,954 [INFO] サツイベ: 5ページ目 0件
2026-09-05 16:49:03,955 [INFO] --- 情報源: chikaho ---
2026-09-05 16:49:05,911 [INFO] チ・カ・ホ: 0件
2026-09-05 16:49:05,911 [INFO] --- 情報源: cube_garden ---
2026-09-05 16:49:07,752 [INFO] cube garden: 2件（日付らしき記載がある行のみ抽出。要目視確認）
2026-09-05 16:49:07,753 [INFO] --- 情報源: walkerplus_live ---
2026-09-05 16:49:11,108 [INFO] ウォーカープラス(音楽): 8件チェック（メジャー会場/ツアー語句一致のみ後で採用）
2026-09-05 16:49:11,108 [INFO] --- 情報源: walkerplus_anime ---
2026-09-05 16:49:12,748 [INFO] ウォーカープラス(アニメ): 0件チェック（原画展/POP UP等の語句一致のみ後で採用）
2026-09-05 16:49:12,748 [INFO] --- 情報源: eventernote_major ---
2026-09-05 16:49:31,175 [INFO] イベンターノート(主要会場): 300件チェック
2026-09-05 16:49:31,176 [INFO] --- 情報源: mitsukoshi ---
2026-09-05 16:49:34,299 [INFO] 札幌三越(催事): 7件
2026-09-05 16:49:34,299 [INFO] --- 情報源: maruiimai ---
2026-09-05 16:49:36,056 [INFO] 丸井今井札幌本店(催事): 5件
2026-09-05 16:49:36,056 [INFO] --- 情報源: movie_theaters ---
2026-09-05 16:51:12,980 [INFO] 映画館(上映中): 49件（うちアニメ映画と判定: 10件）
2026-09-05 16:51:12,981 [INFO] 映画館(上映中) 取得タイトル一覧: ['劇場版 少女☆歌劇 レヴュースタァライト', '白鳥とコウモリ', 'バックルームズ', 'オデュッセイア', 'THE RIBBON HERO リボンヒーロー', '6DAYS', '劇場版 魔法少女まどか☆マギカ 〈ワルプルギスの廻天〉', 'ラスト・サバイバー', '時には懺悔を', 'シェルター', '私はあなたを知らない、', 'レンタル家族', 'オークストリートの異変', 'あの星が降る丘で、君とまた出会いたい。', 'ミニオンズ＆モンスターズ', 'ブルーロック', '映画クレヨンしんちゃん 奇々怪々！オラの妖怪バケ～ション', 'モアナと伝説の海', '開戦前夜', 'スパイダーマン：ブランド・ニュー・デイ', '映画ちいかわ 人魚の島のひみつ', 'パウ・パトロール ザ・ダイノ・ムービー', 'キングダム 魂の決戦', 'トイ・ストーリー５', 'Michael／マイケル', 'ベベフィン・ザ・ムービー：うたとまほうのピンキッツワールド', 'SEKIRO: NO DEFEAT', 'カーズ', '『獣兵衛忍風帖』4K', 'ホーム スイート ホーム', '劇場版 THE ALFEE 3000PREMIUM トラベリングバンドが刻んだ3000本の奇跡と軌跡', '冴えないボクと映えるキミ', 'ハルバーシュタットの埋蔵金', 'ラブ・ライズ', '平行と垂直', '劇場版 TUBE 40th Anniversary Live & Documentary 〜40周年の航海記〜', '見えない娘 THE INVISIBLES', '王様戦隊キングオージャー フィルム・コンサート in シネマ', 'グレイ・ミッション', 'しらぬひ', '機動警察パトレイバー EZY File2', 'だぁれかさんとアソぼ？', '宝塚歌劇 宙組東京宝塚劇場公演『黒蜥蜴』『Diamond IMPULSE（ダイヤモンド インパルス）』千秋楽 ライブ中継 TOHOシネマズ', 'Katy Perry: THE LIFETIMES TOUR - LIVE FROM PARIS TOHOシネマズ', 'ハリー・ポッターと賢者の石 TOHOシネマズ', 'スター・ウォーズ／マンダロリアン・アンド・グローグー TOHOシネマズ', 'ヒプノシスマイク -Division Rap Battle- TOHOシネマズ', '劇場版アイドリッシュセブン LIVE 4bit BEYOND THE PERiOD DAY2 TOHOシネマズ', '劇場版アイドリッシュセブン LIVE 4bit BEYOND THE PERiOD DAY1 TOHOシネマズ']
2026-09-05 16:51:12,982 [INFO] --- 情報源: upcoming_movies ---
2026-09-05 16:51:39,400 [INFO] 映画館(公開予定): 98件（うちアニメ映画と判定: 4件）
2026-09-05 16:51:39,401 [INFO] 映画館(公開予定) フィルタ前の全件(186件): [('先行上映', '2026年9月11日', ''), ('私たちは、ちょうどいい。', '2026年9月11日', ''), ('オアシス：ドント・ルック・バック・イン・アンガー', '2026年9月11日', ''), ('最終楽章 響け！ユーフォニアム 後編', '2026年9月11日', ''), ('Man', '2026年9月11日', ''), ('SAMANSA presents 世界が認めた栄冠のショート傑作選', '2026年9月11日', ''), ('スターヴ・エイカー 召喚', '2026年9月11日', ''), ('TAVERNA DE GAGA―人生はまだまだ面白い―', '2026年9月11日', ''), ('オペレーション：カブール\u3000極限救出48時間', '2026年9月11日', ''), ('マッチモンド', '2026年9月11日', ''), ('映画「宇宙なんちゃら こてつくん」うっかり出てきた宇宙人を探せ！', '2026年9月11日', ''), ('ネルソンさん、あなたは人を殺しましたか？', '2026年9月11日', ''), ('5秒で完全犯罪を生成する方法', '2026年9月11日', ''), ('ルックバック', '2026年9月11日', ''), ('ノクターン・イン・ブラック', '2026年9月18日', ''), ('リサ・ラーソンがいた時間', '2026年9月18日', ''), ('モネと時間旅行', '2026年9月18日', ''), ('ワンオペレーション', '2026年9月18日', ''), ('カーンターラ 炎の決戦', '2026年9月18日', ''), ('ドラッグストア・カウボーイ デジタルリマスター版', '2026年9月18日', ''), ('オデュッセイア', '2026年9月11日', ''), ('踊る大捜査線 N.E.W. メトロポリスを駆け抜けろ！', '2026年9月18日', ''), ('汝、星のごとく', '2026年10月9日', ''), ('さとこはいつも', '2026年9月18日', ''), ('映画名探偵プリキュア！不思議な庭と2人の秘密', '2026年9月18日', ''), ('八つ墓村', '2026年9月18日', ''), ('踊る大捜査線 N.E.W. メトロポリスを駆け抜けろ！', '2026年9月18日', ''), ('アベンジャーズ／エンドゲーム：アンコール', '2026年9月23日', ''), ('先行上映', '2026年9月25日', ''), ('マーダー・イン・ザ・フロント・ロウ～俺たちのベイエリア・スラッシュ物語～', '2026年9月25日', '')]...
2026-09-05 16:51:39,401 [INFO] --- 情報源: manual ---
2026-09-05 16:51:39,402 [INFO] 手動登録イベント: 4件
2026-09-05 16:51:39,409 [INFO] 新着情報はありませんでした。
2026-09-05 16:51:39,420 [INFO] HTMLレポートを更新しました → C:\Users\user\projects\sapporo-events\data\index.html
2026-09-05 16:51:39,422 [INFO] チェック件数(延べ): 536 / 対象カテゴリ一致: 464 / 新着: 0 / AI判定利用: 0件(無効:GEMINI_API_KEY未設定)
2026-09-05 16:51:39,422 [INFO] === 完了 ===
2026-09-05 17:00:02,570 [INFO] === 札幌市中央区 情報収集 開始 ===
2026-09-05 17:00:02,591 [INFO] 手動登録イベント: 4件
2026-09-05 17:00:02,633 [INFO] 既存データ 498 件を最新の分類基準で再判定しました
2026-09-05 17:00:02,634 [INFO] --- 情報源: satsuibe ---
2026-09-05 17:00:07,209 [INFO] サツイベ: 1ページ目 27件
2026-09-05 17:00:09,576 [INFO] サツイベ: 2ページ目 13件
2026-09-05 17:00:11,962 [INFO] サツイベ: 3ページ目 13件
2026-09-05 17:00:14,228 [INFO] サツイベ: 4ページ目 10件
2026-09-05 17:00:17,770 [INFO] サツイベ: 5ページ目 0件
2026-09-05 17:00:17,770 [INFO] --- 情報源: chikaho ---
2026-09-05 17:00:19,747 [INFO] チ・カ・ホ: 0件
2026-09-05 17:00:19,748 [INFO] --- 情報源: cube_garden ---
2026-09-05 17:00:21,598 [INFO] cube garden: 2件（日付らしき記載がある行のみ抽出。要目視確認）
2026-09-05 17:00:21,598 [INFO] --- 情報源: walkerplus_live ---
2026-09-05 17:00:24,922 [INFO] ウォーカープラス(音楽): 8件チェック（メジャー会場/ツアー語句一致のみ後で採用）
2026-09-05 17:00:24,922 [INFO] --- 情報源: walkerplus_anime ---
2026-09-05 17:00:26,559 [INFO] ウォーカープラス(アニメ): 0件チェック（原画展/POP UP等の語句一致のみ後で採用）
2026-09-05 17:00:26,559 [INFO] --- 情報源: eventernote_major ---
2026-09-05 17:00:54,338 [INFO] イベンターノート(主要会場): 300件チェック
2026-09-05 17:00:54,338 [INFO] --- 情報源: mitsukoshi ---
2026-09-05 17:00:56,056 [INFO] 札幌三越(催事): 7件
2026-09-05 17:00:56,057 [INFO] --- 情報源: maruiimai ---
2026-09-05 17:01:00,052 [INFO] 丸井今井札幌本店(催事): 5件
2026-09-05 17:01:00,052 [INFO] --- 情報源: movie_theaters ---
2026-09-05 17:02:28,497 [INFO] 映画館(上映中): 49件（うちアニメ映画と判定: 10件）
2026-09-05 17:02:28,503 [INFO] 映画館(上映中) 取得タイトル一覧: ['劇場版 少女☆歌劇 レヴュースタァライト', '白鳥とコウモリ', 'バックルームズ', 'オデュッセイア', 'THE RIBBON HERO リボンヒーロー', '6DAYS', '劇場版 魔法少女まどか☆マギカ 〈ワルプルギスの廻天〉', 'ラスト・サバイバー', '時には懺悔を', 'シェルター', '私はあなたを知らない、', 'レンタル家族', 'オークストリートの異変', 'あの星が降る丘で、君とまた出会いたい。', 'ミニオンズ＆モンスターズ', 'ブルーロック', '映画クレヨンしんちゃん 奇々怪々！オラの妖怪バケ～ション', 'モアナと伝説の海', '開戦前夜', 'スパイダーマン：ブランド・ニュー・デイ', '映画ちいかわ 人魚の島のひみつ', 'パウ・パトロール ザ・ダイノ・ムービー', 'キングダム 魂の決戦', 'トイ・ストーリー５', 'Michael／マイケル', 'ベベフィン・ザ・ムービー：うたとまほうのピンキッツワールド', 'SEKIRO: NO DEFEAT', 'カーズ', '『獣兵衛忍風帖』4K', 'ホーム スイート ホーム', '劇場版 THE ALFEE 3000PREMIUM トラベリングバンドが刻んだ3000本の奇跡と軌跡', '冴えないボクと映えるキミ', 'ハルバーシュタットの埋蔵金', 'ラブ・ライズ', '平行と垂直', '劇場版 TUBE 40th Anniversary Live & Documentary 〜40周年の航海記〜', '見えない娘 THE INVISIBLES', '王様戦隊キングオージャー フィルム・コンサート in シネマ', 'グレイ・ミッション', 'しらぬひ', '機動警察パトレイバー EZY File2', 'だぁれかさんとアソぼ？', '宝塚歌劇 宙組東京宝塚劇場公演『黒蜥蜴』『Diamond IMPULSE（ダイヤモンド インパルス）』千秋楽 ライブ中継 TOHOシネマズ', 'Katy Perry: THE LIFETIMES TOUR - LIVE FROM PARIS TOHOシネマズ', 'ハリー・ポッターと賢者の石 TOHOシネマズ', 'スター・ウォーズ／マンダロリアン・アンド・グローグー TOHOシネマズ', 'ヒプノシスマイク -Division Rap Battle- TOHOシネマズ', '劇場版アイドリッシュセブン LIVE 4bit BEYOND THE PERiOD DAY2 TOHOシネマズ', '劇場版アイドリッシュセブン LIVE 4bit BEYOND THE PERiOD DAY1 TOHOシネマズ']
2026-09-05 17:02:28,504 [INFO] --- 情報源: upcoming_movies ---
2026-09-05 17:02:53,279 [INFO] 映画館(公開予定): 98件（うちアニメ映画と判定: 4件）
2026-09-05 17:02:53,279 [INFO] 映画館(公開予定) フィルタ前の全件(186件): [('先行上映', '2026年9月11日', ''), ('私たちは、ちょうどいい。', '2026年9月11日', ''), ('オアシス：ドント・ルック・バック・イン・アンガー', '2026年9月11日', ''), ('最終楽章 響け！ユーフォニアム 後編', '2026年9月11日', ''), ('Man', '2026年9月11日', ''), ('SAMANSA presents 世界が認めた栄冠のショート傑作選', '2026年9月11日', ''), ('スターヴ・エイカー 召喚', '2026年9月11日', ''), ('TAVERNA DE GAGA―人生はまだまだ面白い―', '2026年9月11日', ''), ('オペレーション：カブール\u3000極限救出48時間', '2026年9月11日', ''), ('マッチモンド', '2026年9月11日', ''), ('映画「宇宙なんちゃら こてつくん」うっかり出てきた宇宙人を探せ！', '2026年9月11日', ''), ('ネルソンさん、あなたは人を殺しましたか？', '2026年9月11日', ''), ('5秒で完全犯罪を生成する方法', '2026年9月11日', ''), ('ルックバック', '2026年9月11日', ''), ('ノクターン・イン・ブラック', '2026年9月18日', ''), ('リサ・ラーソンがいた時間', '2026年9月18日', ''), ('モネと時間旅行', '2026年9月18日', ''), ('ワンオペレーション', '2026年9月18日', ''), ('カーンターラ 炎の決戦', '2026年9月18日', ''), ('ドラッグストア・カウボーイ デジタルリマスター版', '2026年9月18日', ''), ('オデュッセイア', '2026年9月11日', ''), ('踊る大捜査線 N.E.W. メトロポリスを駆け抜けろ！', '2026年9月18日', ''), ('汝、星のごとく', '2026年10月9日', ''), ('さとこはいつも', '2026年9月18日', ''), ('映画名探偵プリキュア！不思議な庭と2人の秘密', '2026年9月18日', ''), ('八つ墓村', '2026年9月18日', ''), ('踊る大捜査線 N.E.W. メトロポリスを駆け抜けろ！', '2026年9月18日', ''), ('アベンジャーズ／エンドゲーム：アンコール', '2026年9月23日', ''), ('先行上映', '2026年9月25日', ''), ('マーダー・イン・ザ・フロント・ロウ～俺たちのベイエリア・スラッシュ物語～', '2026年9月25日', '')]...
2026-09-05 17:02:53,279 [INFO] --- 情報源: manual ---
2026-09-05 17:02:53,280 [INFO] 手動登録イベント: 4件
2026-09-05 17:02:53,293 [INFO] 新着情報はありませんでした。
2026-09-05 17:02:53,302 [INFO] HTMLレポートを更新しました → C:\Users\user\projects\sapporo-events\data\index.html
2026-09-05 17:02:53,303 [INFO] チェック件数(延べ): 536 / 対象カテゴリ一致: 464 / 新着: 0 / AI判定利用: 0件(無効:GEMINI_API_KEY未設定)
2026-09-05 17:02:53,304 [INFO] === 完了 ===
2026-09-06 17:00:11,025 [INFO] === 札幌市中央区 情報収集 開始 ===
2026-09-06 17:00:11,100 [INFO] 手動登録イベント: 4件
2026-09-06 17:00:11,166 [INFO] 既存データ 498 件を最新の分類基準で再判定しました
2026-09-06 17:00:11,167 [INFO] --- 情報源: satsuibe ---
2026-09-06 17:00:14,040 [INFO] サツイベ: 1ページ目 26件
2026-09-06 17:00:16,313 [INFO] サツイベ: 2ページ目 13件
2026-09-06 17:00:18,755 [INFO] サツイベ: 3ページ目 14件
2026-09-06 17:00:21,250 [INFO] サツイベ: 4ページ目 8件
2026-09-06 17:00:23,683 [INFO] サツイベ: 5ページ目 0件
2026-09-06 17:00:23,684 [INFO] --- 情報源: chikaho ---
2026-09-06 17:00:26,342 [INFO] チ・カ・ホ: 0件
2026-09-06 17:00:26,342 [INFO] --- 情報源: cube_garden ---
2026-09-06 17:00:28,225 [INFO] cube garden: 2件（日付らしき記載がある行のみ抽出。要目視確認）
2026-09-06 17:00:28,225 [INFO] --- 情報源: walkerplus_live ---
2026-09-06 17:00:32,100 [INFO] ウォーカープラス(音楽): 8件チェック（メジャー会場/ツアー語句一致のみ後で採用）
2026-09-06 17:00:32,101 [INFO] --- 情報源: walkerplus_anime ---
2026-09-06 17:00:33,931 [INFO] ウォーカープラス(アニメ): 0件チェック（原画展/POP UP等の語句一致のみ後で採用）
2026-09-06 17:00:33,931 [INFO] --- 情報源: eventernote_major ---
2026-09-06 17:01:00,489 [INFO] イベンターノート(主要会場): 300件チェック
2026-09-06 17:01:00,494 [INFO] --- 情報源: mitsukoshi ---
2026-09-06 17:01:02,286 [INFO] 札幌三越(催事): 8件
2026-09-06 17:01:02,287 [INFO] --- 情報源: maruiimai ---
2026-09-06 17:01:04,056 [INFO] 丸井今井札幌本店(催事): 6件
2026-09-06 17:01:04,056 [INFO] --- 情報源: movie_theaters ---
2026-09-06 17:02:37,542 [INFO] 映画館(上映中): 47件（うちアニメ映画と判定: 10件）
2026-09-06 17:02:37,558 [INFO] 映画館(上映中) 取得タイトル一覧: ['劇場版 少女☆歌劇 レヴュースタァライト', '白鳥とコウモリ', 'バックルームズ', 'オデュッセイア', 'THE RIBBON HERO リボンヒーロー', '6DAYS', '劇場版 魔法少女まどか☆マギカ 〈ワルプルギスの廻天〉', 'ラスト・サバイバー', '時には懺悔を', 'シェルター', '私はあなたを知らない、', 'レンタル家族', 'オークストリートの異変', 'あの星が降る丘で、君とまた出会いたい。', 'ミニオンズ＆モンスターズ', 'ブルーロック', '映画クレヨンしんちゃん 奇々怪々！オラの妖怪バケ～ション', 'モアナと伝説の海', '開戦前夜', 'スパイダーマン：ブランド・ニュー・デイ', '映画ちいかわ 人魚の島のひみつ', 'パウ・パトロール ザ・ダイノ・ムービー', 'キングダム 魂の決戦', 'トイ・ストーリー５', 'Michael／マイケル', 'ベベフィン・ザ・ムービー：うたとまほうのピンキッツワールド', 'SEKIRO: NO DEFEAT', 'カーズ', '『獣兵衛忍風帖』4K', 'ホーム スイート ホーム', '劇場版 THE ALFEE 3000PREMIUM トラベリングバンドが刻んだ3000本の奇跡と軌跡', '冴えないボクと映えるキミ', 'ハルバーシュタットの埋蔵金', 'ラブ・ライズ', '平行と垂直', '劇場版 TUBE 40th Anniversary Live & Documentary 〜40周年の航海記〜', '見えない娘 THE INVISIBLES', '王様戦隊キングオージャー フィルム・コンサート in シネマ', 'グレイ・ミッション', 'しらぬひ', '機動警察パトレイバー EZY File2', 'だぁれかさんとアソぼ？', 'ハリー・ポッターと賢者の石 TOHOシネマズ', 'スター・ウォーズ／マンダロリアン・アンド・グローグー TOHOシネマズ', 'ヒプノシスマイク -Division Rap Battle- TOHOシネマズ', '劇場版アイドリッシュセブン LIVE 4bit BEYOND THE PERiOD DAY1 TOHOシネマズ', '劇場版アイドリッシュセブン LIVE 4bit BEYOND THE PERiOD DAY2 TOHOシネマズ']
2026-09-06 17:02:37,562 [INFO] --- 情報源: upcoming_movies ---
2026-09-06 17:03:08,462 [INFO] 映画館(公開予定): 98件（うちアニメ映画と判定: 4件）
2026-09-06 17:03:08,462 [INFO] 映画館(公開予定) フィルタ前の全件(186件): [('先行上映', '2026年9月11日', ''), ('私たちは、ちょうどいい。', '2026年9月11日', ''), ('最終楽章 響け！ユーフォニアム 後編', '2026年9月11日', ''), ('オアシス：ドント・ルック・バック・イン・アンガー', '2026年9月11日', ''), ('映画「宇宙なんちゃら こてつくん」うっかり出てきた宇宙人を探せ！', '2026年9月11日', ''), ('Man', '2026年9月11日', ''), ('SAMANSA presents 世界が認めた栄冠のショート傑作選', '2026年9月11日', ''), ('スターヴ・エイカー 召喚', '2026年9月11日', ''), ('TAVERNA DE GAGA―人生はまだまだ面白い―', '2026年9月11日', ''), ('オペレーション：カブール\u3000極限救出48時間', '2026年9月11日', ''), ('マッチモンド', '2026年9月11日', ''), ('ネルソンさん、あなたは人を殺しましたか？', '2026年9月11日', ''), ('5秒で完全犯罪を生成する方法', '2026年9月11日', ''), ('ルックバック', '2026年9月11日', ''), ('ノクターン・イン・ブラック', '2026年9月18日', ''), ('リサ・ラーソンがいた時間', '2026年9月18日', ''), ('モネと時間旅行', '2026年9月18日', ''), ('ワンオペレーション', '2026年9月18日', ''), ('カーンターラ 炎の決戦', '2026年9月18日', ''), ('ドラッグストア・カウボーイ デジタルリマスター版', '2026年9月18日', ''), ('踊る大捜査線 N.E.W. メトロポリスを駆け抜けろ！', '2026年9月18日', ''), ('オデュッセイア', '2026年9月11日', ''), ('汝、星のごとく', '2026年10月9日', ''), ('さとこはいつも', '2026年9月18日', ''), ('映画名探偵プリキュア！不思議な庭と2人の秘密', '2026年9月18日', ''), ('八つ墓村', '2026年9月18日', ''), ('踊る大捜査線 N.E.W. メトロポリスを駆け抜けろ！', '2026年9月18日', ''), ('アベンジャーズ／エンドゲーム：アンコール', '2026年9月23日', ''), ('先行上映', '2026年9月25日', ''), ('マーダー・イン・ザ・フロント・ロウ～俺たちのベイエリア・スラッシュ物語～', '2026年9月25日', '')]...
2026-09-06 17:03:08,463 [INFO] --- 情報源: manual ---
2026-09-06 17:03:08,465 [INFO] 手動登録イベント: 4件
2026-09-06 17:03:08,483 [INFO] 新着情報はありませんでした。
2026-09-06 17:03:08,549 [INFO] HTMLレポートを更新しました → C:\Users\user\projects\sapporo-events\data\index.html
2026-09-06 17:03:08,575 [INFO] チェック件数(延べ): 534 / 対象カテゴリ一致: 463 / 新着: 0 / AI判定利用: 0件(無効:GEMINI_API_KEY未設定)
2026-09-06 17:03:08,576 [INFO] === 完了 ===
2026-09-06 22:36:57,477 [INFO] === 札幌市中央区 情報収集 開始 ===
2026-09-06 22:36:57,505 [INFO] 手動登録イベント: 4件
2026-09-06 22:36:57,563 [INFO] 既存データ 498 件を最新の分類基準で再判定しました
2026-09-06 22:36:57,564 [INFO] --- 情報源: satsuibe ---
2026-09-06 22:37:01,962 [INFO] サツイベ: 1ページ目 26件
2026-09-06 22:37:05,096 [INFO] サツイベ: 2ページ目 13件
2026-09-06 22:37:09,049 [INFO] サツイベ: 3ページ目 14件
2026-09-06 22:37:12,312 [INFO] サツイベ: 4ページ目 8件
2026-09-06 22:37:15,619 [INFO] サツイベ: 5ページ目 0件
2026-09-06 22:37:15,619 [INFO] --- 情報源: chikaho ---
2026-09-06 22:37:17,583 [INFO] チ・カ・ホ: 0件
2026-09-06 22:37:17,584 [INFO] --- 情報源: cube_garden ---
2026-09-06 22:37:19,454 [INFO] cube garden: 2件（日付らしき記載がある行のみ抽出。要目視確認）
2026-09-06 22:37:19,454 [INFO] --- 情報源: walkerplus_live ---
2026-09-06 22:37:23,279 [INFO] ウォーカープラス(音楽): 8件チェック（メジャー会場/ツアー語句一致のみ後で採用）
2026-09-06 22:37:23,279 [INFO] --- 情報源: walkerplus_anime ---
2026-09-06 22:37:25,455 [INFO] ウォーカープラス(アニメ): 0件チェック（原画展/POP UP等の語句一致のみ後で採用）
2026-09-06 22:37:25,455 [INFO] --- 情報源: eventernote_major ---
2026-09-06 22:37:43,821 [INFO] イベンターノート(主要会場): 300件チェック
2026-09-06 22:37:43,821 [INFO] --- 情報源: mitsukoshi ---
2026-09-06 22:37:45,542 [INFO] 札幌三越(催事): 8件
2026-09-06 22:37:45,542 [INFO] --- 情報源: maruiimai ---
2026-09-06 22:37:47,388 [INFO] 丸井今井札幌本店(催事): 6件
2026-09-06 22:37:47,388 [INFO] --- 情報源: sapporo_factory ---
2026-09-06 22:37:49,155 [INFO] サッポロファクトリー(催事): 13件
2026-09-06 22:37:49,155 [INFO] --- 情報源: movie_theaters ---
2026-09-06 22:39:19,684 [INFO] 映画館(上映中): 46件（うちアニメ映画と判定: 10件）
2026-09-06 22:39:19,685 [INFO] 映画館(上映中) 取得タイトル一覧: ['劇場版 少女☆歌劇 レヴュースタァライト', '白鳥とコウモリ', 'バックルームズ', 'オデュッセイア', 'THE RIBBON HERO リボンヒーロー', '6DAYS', '劇場版 魔法少女まどか☆マギカ 〈ワルプルギスの廻天〉', 'ラスト・サバイバー', '時には懺悔を', 'シェルター', '私はあなたを知らない、', 'レンタル家族', 'オークストリートの異変', 'あの星が降る丘で、君とまた出会いたい。', 'ミニオンズ＆モンスターズ', 'ブルーロック', '映画クレヨンしんちゃん 奇々怪々！オラの妖怪バケ～ション', 'モアナと伝説の海', '開戦前夜', 'スパイダーマン：ブランド・ニュー・デイ', '映画ちいかわ 人魚の島のひみつ', 'パウ・パトロール ザ・ダイノ・ムービー', 'キングダム 魂の決戦', 'トイ・ストーリー５', 'Michael／マイケル', 'ベベフィン・ザ・ムービー：うたとまほうのピンキッツワールド', 'SEKIRO: NO DEFEAT', 'カーズ', '『獣兵衛忍風帖』4K', 'ホーム スイート ホーム', '劇場版 THE ALFEE 3000PREMIUM トラベリングバンドが刻んだ3000本の奇跡と軌跡', '冴えないボクと映えるキミ', 'ハルバーシュタットの埋蔵金', 'ラブ・ライズ', '平行と垂直', '劇場版 TUBE 40th Anniversary Live & Documentary 〜40周年の航海記〜', '見えない娘 THE INVISIBLES', '王様戦隊キングオージャー フィルム・コンサート in シネマ', 'グレイ・ミッション', 'しらぬひ', '機動警察パトレイバー EZY File2', 'だぁれかさんとアソぼ？', 'ハリー・ポッターと賢者の石 TOHOシネマズ', 'ヒプノシスマイク -Division Rap Battle- TOHOシネマズ', '劇場版アイドリッシュセブン LIVE 4bit BEYOND THE PERiOD DAY1 TOHOシネマズ', '劇場版アイドリッシュセブン LIVE 4bit BEYOND THE PERiOD DAY2 TOHOシネマズ']
2026-09-06 22:39:19,685 [INFO] --- 情報源: upcoming_movies ---
2026-09-06 22:39:49,033 [INFO] 映画館(公開予定): 98件（うちアニメ映画と判定: 4件）
2026-09-06 22:39:49,034 [INFO] 映画館(公開予定) フィルタ前の全件(186件): [('先行上映', '2026年9月11日', ''), ('私たちは、ちょうどいい。', '2026年9月11日', ''), ('最終楽章 響け！ユーフォニアム 後編', '2026年9月11日', ''), ('映画「宇宙なんちゃら こてつくん」うっかり出てきた宇宙人を探せ！', '2026年9月11日', ''), ('オアシス：ドント・ルック・バック・イン・アンガー', '2026年9月11日', ''), ('TAVERNA DE GAGA―人生はまだまだ面白い―', '2026年9月11日', ''), ('Man', '2026年9月11日', ''), ('SAMANSA presents 世界が認めた栄冠のショート傑作選', '2026年9月11日', ''), ('スターヴ・エイカー 召喚', '2026年9月11日', ''), ('オペレーション：カブール\u3000極限救出48時間', '2026年9月11日', ''), ('マッチモンド', '2026年9月11日', ''), ('ネルソンさん、あなたは人を殺しましたか？', '2026年9月11日', ''), ('5秒で完全犯罪を生成する方法', '2026年9月11日', ''), ('ルックバック', '2026年9月11日', ''), ('ノクターン・イン・ブラック', '2026年9月18日', ''), ('リサ・ラーソンがいた時間', '2026年9月18日', ''), ('モネと時間旅行', '2026年9月18日', ''), ('ワンオペレーション', '2026年9月18日', ''), ('カーンターラ 炎の決戦', '2026年9月18日', ''), ('ドラッグストア・カウボーイ デジタルリマスター版', '2026年9月18日', ''), ('踊る大捜査線 N.E.W. メトロポリスを駆け抜けろ！', '2026年9月18日', ''), ('オデュッセイア', '2026年9月11日', ''), ('汝、星のごとく', '2026年10月9日', ''), ('さとこはいつも', '2026年9月18日', ''), ('映画名探偵プリキュア！不思議な庭と2人の秘密', '2026年9月18日', ''), ('八つ墓村', '2026年9月18日', ''), ('踊る大捜査線 N.E.W. メトロポリスを駆け抜けろ！', '2026年9月18日', ''), ('アベンジャーズ／エンドゲーム：アンコール', '2026年9月23日', ''), ('先行上映', '2026年9月25日', ''), ('マーダー・イン・ザ・フロント・ロウ～俺たちのベイエリア・スラッシュ物語～', '2026年9月25日', '')]...
2026-09-06 22:39:49,035 [INFO] --- 情報源: manual ---
2026-09-06 22:39:49,036 [INFO] 手動登録イベント: 4件
2026-09-06 22:39:49,048 [INFO] 新着 13 件を保存しました → C:\Users\user\projects\sapporo-events\data\new_2026-09-06.csv
2026-09-06 22:39:49,060 [INFO] HTMLレポートを更新しました → C:\Users\user\projects\sapporo-events\data\index.html
2026-09-06 22:39:49,062 [INFO] チェック件数(延べ): 546 / 対象カテゴリ一致: 475 / 新着: 13 / AI判定利用: 0件(無効:GEMINI_API_KEY未設定)
2026-09-06 22:39:49,063 [INFO] === 完了 ===
2026-09-06 22:46:10,913 [INFO] === 札幌市中央区 情報収集 開始 ===
2026-09-06 22:46:10,919 [INFO] 手動登録イベント: 4件
2026-09-06 22:46:10,944 [INFO] 既存データ 511 件を最新の分類基準で再判定しました
2026-09-06 22:46:10,944 [INFO] --- 情報源: satsuibe ---
2026-09-06 22:46:13,418 [INFO] サツイベ: 1ページ目 26件
2026-09-06 22:46:15,755 [INFO] サツイベ: 2ページ目 13件
2026-09-06 22:46:18,153 [INFO] サツイベ: 3ページ目 14件
2026-09-06 22:46:23,080 [INFO] サツイベ: 4ページ目 8件
2026-09-06 22:46:25,400 [INFO] サツイベ: 5ページ目 0件
2026-09-06 22:46:25,400 [INFO] --- 情報源: chikaho ---
2026-09-06 22:46:27,376 [INFO] チ・カ・ホ: 0件
2026-09-06 22:46:27,377 [INFO] --- 情報源: cube_garden ---
2026-09-06 22:46:29,204 [INFO] cube garden: 2件（日付らしき記載がある行のみ抽出。要目視確認）
2026-09-06 22:46:29,204 [INFO] --- 情報源: walkerplus_live ---
2026-09-06 22:46:32,595 [INFO] ウォーカープラス(音楽): 8件チェック（メジャー会場/ツアー語句一致のみ後で採用）
2026-09-06 22:46:32,595 [INFO] --- 情報源: walkerplus_anime ---
2026-09-06 22:46:34,241 [INFO] ウォーカープラス(アニメ): 0件チェック（原画展/POP UP等の語句一致のみ後で採用）
2026-09-06 22:46:34,242 [INFO] --- 情報源: eventernote_major ---
2026-09-06 22:46:52,455 [INFO] イベンターノート(主要会場): 300件チェック
2026-09-06 22:46:52,455 [INFO] --- 情報源: mitsukoshi ---
2026-09-06 22:46:54,234 [INFO] 札幌三越(催事): 8件
2026-09-06 22:46:54,235 [INFO] --- 情報源: maruiimai ---
2026-09-06 22:46:56,059 [INFO] 丸井今井札幌本店(催事): 6件
2026-09-06 22:46:56,059 [INFO] --- 情報源: sapporo_factory ---
2026-09-06 22:46:57,843 [INFO] サッポロファクトリー(催事): 13件
2026-09-06 22:46:57,843 [INFO] --- 情報源: movie_theaters ---
2026-09-06 22:48:21,069 [INFO] 映画館(上映中): 46件（うちアニメ映画と判定: 10件）
2026-09-06 22:48:21,070 [INFO] 映画館(上映中) 取得タイトル一覧: ['劇場版 少女☆歌劇 レヴュースタァライト', '白鳥とコウモリ', 'バックルームズ', 'オデュッセイア', 'THE RIBBON HERO リボンヒーロー', '6DAYS', '劇場版 魔法少女まどか☆マギカ 〈ワルプルギスの廻天〉', 'ラスト・サバイバー', '時には懺悔を', 'シェルター', '私はあなたを知らない、', 'レンタル家族', 'オークストリートの異変', 'あの星が降る丘で、君とまた出会いたい。', 'ミニオンズ＆モンスターズ', 'ブルーロック', '映画クレヨンしんちゃん 奇々怪々！オラの妖怪バケ～ション', 'モアナと伝説の海', '開戦前夜', 'スパイダーマン：ブランド・ニュー・デイ', '映画ちいかわ 人魚の島のひみつ', 'パウ・パトロール ザ・ダイノ・ムービー', 'キングダム 魂の決戦', 'トイ・ストーリー５', 'Michael／マイケル', 'ベベフィン・ザ・ムービー：うたとまほうのピンキッツワールド', 'SEKIRO: NO DEFEAT', 'カーズ', '『獣兵衛忍風帖』4K', 'ホーム スイート ホーム', '劇場版 THE ALFEE 3000PREMIUM トラベリングバンドが刻んだ3000本の奇跡と軌跡', '冴えないボクと映えるキミ', 'ハルバーシュタットの埋蔵金', 'ラブ・ライズ', '平行と垂直', '劇場版 TUBE 40th Anniversary Live & Documentary 〜40周年の航海記〜', '見えない娘 THE INVISIBLES', '王様戦隊キングオージャー フィルム・コンサート in シネマ', 'グレイ・ミッション', 'しらぬひ', '機動警察パトレイバー EZY File2', 'だぁれかさんとアソぼ？', 'ハリー・ポッターと賢者の石 TOHOシネマズ', 'ヒプノシスマイク -Division Rap Battle- TOHOシネマズ', '劇場版アイドリッシュセブン LIVE 4bit BEYOND THE PERiOD DAY1 TOHOシネマズ', '劇場版アイドリッシュセブン LIVE 4bit BEYOND THE PERiOD DAY2 TOHOシネマズ']
2026-09-06 22:48:21,070 [INFO] --- 情報源: upcoming_movies ---
2026-09-06 22:48:46,223 [INFO] 映画館(公開予定): 98件（うちアニメ映画と判定: 4件）
2026-09-06 22:48:46,223 [INFO] 映画館(公開予定) フィルタ前の全件(186件): [('先行上映', '2026年9月11日', ''), ('私たちは、ちょうどいい。', '2026年9月11日', ''), ('最終楽章 響け！ユーフォニアム 後編', '2026年9月11日', ''), ('映画「宇宙なんちゃら こてつくん」うっかり出てきた宇宙人を探せ！', '2026年9月11日', ''), ('オアシス：ドント・ルック・バック・イン・アンガー', '2026年9月11日', ''), ('TAVERNA DE GAGA―人生はまだまだ面白い―', '2026年9月11日', ''), ('Man', '2026年9月11日', ''), ('SAMANSA presents 世界が認めた栄冠のショート傑作選', '2026年9月11日', ''), ('スターヴ・エイカー 召喚', '2026年9月11日', ''), ('オペレーション：カブール\u3000極限救出48時間', '2026年9月11日', ''), ('マッチモンド', '2026年9月11日', ''), ('ネルソンさん、あなたは人を殺しましたか？', '2026年9月11日', ''), ('5秒で完全犯罪を生成する方法', '2026年9月11日', ''), ('ルックバック', '2026年9月11日', ''), ('ノクターン・イン・ブラック', '2026年9月18日', ''), ('リサ・ラーソンがいた時間', '2026年9月18日', ''), ('モネと時間旅行', '2026年9月18日', ''), ('ワンオペレーション', '2026年9月18日', ''), ('カーンターラ 炎の決戦', '2026年9月18日', ''), ('ドラッグストア・カウボーイ デジタルリマスター版', '2026年9月18日', ''), ('踊る大捜査線 N.E.W. メトロポリスを駆け抜けろ！', '2026年9月18日', ''), ('オデュッセイア', '2026年9月11日', ''), ('汝、星のごとく', '2026年10月9日', ''), ('さとこはいつも', '2026年9月18日', ''), ('映画名探偵プリキュア！不思議な庭と2人の秘密', '2026年9月18日', ''), ('八つ墓村', '2026年9月18日', ''), ('踊る大捜査線 N.E.W. メトロポリスを駆け抜けろ！', '2026年9月18日', ''), ('アベンジャーズ／エンドゲーム：アンコール', '2026年9月23日', ''), ('先行上映', '2026年9月25日', ''), ('マーダー・イン・ザ・フロント・ロウ～俺たちのベイエリア・スラッシュ物語～', '2026年9月25日', '')]...
2026-09-06 22:48:46,224 [INFO] --- 情報源: manual ---
2026-09-06 22:48:46,224 [INFO] 手動登録イベント: 4件
2026-09-06 22:48:46,232 [INFO] 新着情報はありませんでした。
2026-09-06 22:48:46,243 [INFO] HTMLレポートを更新しました → C:\Users\user\projects\sapporo-events\data\index.html
2026-09-06 22:48:46,245 [INFO] チェック件数(延べ): 546 / 対象カテゴリ一致: 475 / 新着: 0 / AI判定利用: 0件(無効:GEMINI_API_KEY未設定)
2026-09-06 22:48:46,246 [INFO] === 完了 ===
2026-09-09 17:40:05,877 [INFO] === 札幌市中央区 情報収集 開始 ===
2026-09-09 17:40:05,901 [INFO] 手動登録イベント: 4件
2026-09-09 17:40:05,933 [INFO] 既存データ 511 件を最新の分類基準で再判定しました
2026-09-09 17:40:05,933 [INFO] --- 情報源: satsuibe ---
2026-09-09 17:40:09,033 [INFO] サツイベ: 1ページ目 28件
2026-09-09 17:40:13,235 [INFO] サツイベ: 2ページ目 14件
2026-09-09 17:40:15,578 [INFO] サツイベ: 3ページ目 14件
2026-09-09 17:40:17,951 [INFO] サツイベ: 4ページ目 9件
2026-09-09 17:40:20,311 [INFO] サツイベ: 5ページ目 0件
2026-09-09 17:40:20,311 [INFO] --- 情報源: chikaho ---
2026-09-09 17:40:22,356 [INFO] チ・カ・ホ: 0件
2026-09-09 17:40:22,356 [INFO] --- 情報源: cube_garden ---
2026-09-09 17:40:24,186 [INFO] cube garden: 2件（日付らしき記載がある行のみ抽出。要目視確認）
2026-09-09 17:40:24,187 [INFO] --- 情報源: walkerplus_live ---
2026-09-09 17:40:27,934 [INFO] ウォーカープラス(音楽): 8件チェック（メジャー会場/ツアー語句一致のみ後で採用）
2026-09-09 17:40:27,934 [INFO] --- 情報源: walkerplus_anime ---
2026-09-09 17:40:30,057 [INFO] ウォーカープラス(アニメ): 0件チェック（原画展/POP UP等の語句一致のみ後で採用）
2026-09-09 17:40:30,057 [INFO] --- 情報源: eventernote_major ---
2026-09-09 17:40:48,616 [INFO] イベンターノート(主要会場): 300件チェック
2026-09-09 17:40:48,617 [INFO] --- 情報源: mitsukoshi ---
2026-09-09 17:40:50,374 [INFO] 札幌三越(催事): 5件
2026-09-09 17:40:50,375 [INFO] --- 情報源: maruiimai ---
2026-09-09 17:40:52,166 [INFO] 丸井今井札幌本店(催事): 3件
2026-09-09 17:40:52,166 [INFO] --- 情報源: sapporo_factory ---
2026-09-09 17:40:53,964 [INFO] サッポロファクトリー(催事): 13件
2026-09-09 17:40:53,964 [INFO] --- 情報源: movie_theaters ---
2026-09-09 17:42:39,977 [INFO] 映画館(上映中): 54件（うちアニメ映画と判定: 11件）
2026-09-09 17:42:39,982 [INFO] 映画館(上映中) 取得タイトル一覧: ['ルックバック', '5秒で完全犯罪を生成する方法', '最終楽章 響け！ユーフォニアム 後編', '映画「宇宙なんちゃら こてつくん」うっかり出てきた宇宙人を探せ！', 'ASKA CONCERT 2026 昭和が見ていたクリスマス!?', '劇場版 少女☆歌劇 レヴュースタァライト', '白鳥とコウモリ', 'オデュッセイア', 'バックルームズ', 'THE RIBBON HERO リボンヒーロー', '6DAYS', '劇場版 魔法少女まどか☆マギカ 〈ワルプルギスの廻天〉', '時には懺悔を', 'ラスト・サバイバー', 'シェルター', '私はあなたを知らない、', 'レンタル家族', 'オークストリートの異変', 'あの星が降る丘で、君とまた出会いたい。', 'ミニオンズ＆モンスターズ', 'ブルーロック', '映画クレヨンしんちゃん 奇々怪々！オラの妖怪バケ～ション', 'モアナと伝説の海', '開戦前夜', 'スパイダーマン：ブランド・ニュー・デイ', '映画ちいかわ 人魚の島のひみつ', 'パウ・パトロール ザ・ダイノ・ムービー', 'キングダム 魂の決戦', 'トイ・ストーリー５', 'Michael／マイケル', 'オアシス：ドント・ルック・バック・イン・アンガー', 'バッファロー’66', 'ベベフィン・ザ・ムービー：うたとまほうのピンキッツワールド', 'SEKIRO: NO DEFEAT', 'カーズ', '『獣兵衛忍風帖』4K', 'ホーム スイート ホーム', '劇場版 THE ALFEE 3000PREMIUM トラベリングバンドが刻んだ3000本の奇跡と軌跡', '冴えないボクと映えるキミ', 'ハルバーシュタットの埋蔵金', 'ラブ・ライズ', '平行と垂直', '劇場版 TUBE 40th Anniversary Live & Documentary 〜40周年の航海記〜', '見えない娘 THE INVISIBLES', '王様戦隊キングオージャー フィルム・コンサート in シネマ', 'グレイ・ミッション', 'しらぬひ', '機動警察パトレイバー EZY File2', 'だぁれかさんとアソぼ？', '劇場版ブルーロック -EPISODE 凪- TOHOシネマズ', 'ハリー・ポッターと賢者の石 TOHOシネマズ', 'ヒプノシスマイク -Division Rap Battle- TOHOシネマズ', '劇場版アイドリッシュセブン LIVE 4bit BEYOND THE PERiOD DAY2 TOHOシネマズ', '劇場版アイドリッシュセブン LIVE 4bit BEYOND THE PERiOD DAY1 TOHOシネマズ']
2026-09-09 17:42:39,983 [INFO] --- 情報源: upcoming_movies ---
2026-09-09 17:43:09,402 [INFO] 映画館(公開予定): 115件（うちアニメ映画と判定: 5件）
2026-09-09 17:43:09,403 [INFO] 映画館(公開予定) フィルタ前の全件(194件): [('先行上映', '2026年9月11日', ''), ('ルックバック', '2026年9月11日', ''), ('5秒で完全犯罪を生成する方法', '2026年9月11日', ''), ('最終楽章 響け！ユーフォニアム 後編', '2026年9月11日', ''), ('映画「宇宙なんちゃら こてつくん」うっかり出てきた宇宙人を探せ！', '2026年9月11日', ''), ('オアシス：ドント・ルック・バック・イン・アンガー', '2026年9月11日', ''), ('マッチモンド', '2026年9月11日', ''), ('オペレーション：カブール\u3000極限救出48時間', '2026年9月11日', ''), ('私たちは、ちょうどいい。', '2026年9月11日', ''), ('スターヴ・エイカー 召喚', '2026年9月11日', ''), ('Man', '2026年9月11日', ''), ('ネルソンさん、あなたは人を殺しましたか？', '2026年9月11日', ''), ('TAVERNA DE GAGA―人生はまだまだ面白い―', '2026年9月11日', ''), ('SAMANSA presents 世界が認めた栄冠のショート傑作選', '2026年9月11日', ''), ('ノクターン・イン・ブラック', '2026年9月18日', ''), ('リサ・ラーソンがいた時間', '2026年9月18日', ''), ('モネと時間旅行', '2026年9月18日', ''), ('ワンオペレーション', '2026年9月18日', ''), ('カーンターラ 炎の決戦', '2026年9月18日', ''), ('ドラッグストア・カウボーイ デジタルリマスター版', '2026年9月18日', ''), ('オデュッセイア', '2026年9月11日', ''), ('ルックバック', '2026年9月11日', ''), ('踊る大捜査線 N.E.W. メトロポリスを駆け抜けろ！', '2026年9月18日', ''), ('さとこはいつも', '2026年9月18日', ''), ('映画名探偵プリキュア！不思議な庭と2人の秘密', '2026年9月18日', ''), ('八つ墓村', '2026年9月18日', ''), ('踊る大捜査線 N.E.W. メトロポリスを駆け抜けろ！', '2026年9月18日', ''), ('アベンジャーズ／エンドゲーム：アンコール', '2026年9月23日', ''), ('マーダー・イン・ザ・フロント・ロウ～俺たちのベイエリア・スラッシュ物語～', '2026年9月25日', ''), ('デス・バイ・メタル～デス・メタルを作った男～', '2026年9月25日', '')]...
2026-09-09 17:43:09,403 [INFO] --- 情報源: manual ---
2026-09-09 17:43:09,404 [INFO] 手動登録イベント: 4件
2026-09-09 17:43:09,416 [INFO] 新着 21 件を保存しました → C:\Users\user\projects\sapporo-events\data\new_2026-09-09.csv
2026-09-09 17:43:09,428 [INFO] HTMLレポートを更新しました → C:\Users\user\projects\sapporo-events\data\index.html
2026-09-09 17:43:09,430 [INFO] チェック件数(延べ): 569 / 対象カテゴリ一致: 495 / 新着: 21 / AI判定利用: 0件(無効:GEMINI_API_KEY未設定)
2026-09-09 17:43:09,431 [INFO] === 完了 ===
2026-09-10 18:28:51,809 [INFO] === 札幌市中央区 情報収集 開始 ===
2026-09-10 18:28:51,832 [INFO] 手動登録イベント: 4件
2026-09-10 18:28:51,832 [INFO] 手動登録イベント: 4件
2026-09-10 18:28:51,870 [INFO] 既存データ 532 件を最新の分類基準で再判定しました
2026-09-10 18:28:51,870 [INFO] --- 情報源: satsuibe ---
2026-09-10 18:28:51,900 [INFO] 既存データ 532 件を最新の分類基準で再判定しました
2026-09-10 18:28:51,900 [INFO] --- 情報源: satsuibe ---
2026-09-10 18:28:54,864 [INFO] サツイベ: 1ページ目 28件
2026-09-10 18:28:57,259 [INFO] サツイベ: 2ページ目 13件
2026-09-10 18:29:00,260 [INFO] サツイベ: 3ページ目 12件
2026-09-10 18:29:00,383 [ERROR] satsuibe の収集中にエラー: database is locked
2026-09-10 18:29:00,383 [INFO] --- 情報源: chikaho ---
2026-09-10 18:29:02,388 [INFO] チ・カ・ホ: 0件
2026-09-10 18:29:02,388 [INFO] --- 情報源: cube_garden ---
2026-09-10 18:29:02,853 [INFO] サツイベ: 4ページ目 14件
2026-09-10 18:29:05,182 [INFO] サツイベ: 5ページ目 0件
2026-09-10 18:29:05,182 [INFO] --- 情報源: chikaho ---
2026-09-10 18:29:07,140 [INFO] チ・カ・ホ: 0件
2026-09-10 18:29:07,140 [INFO] --- 情報源: cube_garden ---
2026-09-10 18:29:08,906 [INFO] cube garden: 2件（日付らしき記載がある行のみ抽出。要目視確認）
2026-09-10 18:29:08,906 [INFO] --- 情報源: walkerplus_live ---
2026-09-10 18:29:12,743 [INFO] ウォーカープラス(音楽): 10件チェック（メジャー会場/ツアー語句一致のみ後で採用）
2026-09-10 18:29:12,744 [INFO] --- 情報源: walkerplus_anime ---
2026-09-10 18:29:14,620 [INFO] ウォーカープラス(アニメ): 0件チェック（原画展/POP UP等の語句一致のみ後で採用）
2026-09-10 18:29:14,620 [INFO] --- 情報源: eventernote_major ---
2026-09-10 18:29:33,183 [INFO] イベンターノート(主要会場): 300件チェック
2026-09-10 18:29:33,184 [INFO] --- 情報源: mitsukoshi ---
2026-09-10 18:29:34,979 [INFO] 札幌三越(催事): 5件
2026-09-10 18:29:34,979 [INFO] --- 情報源: maruiimai ---
2026-09-10 18:29:36,805 [INFO] 丸井今井札幌本店(催事): 3件
2026-09-10 18:29:36,806 [INFO] --- 情報源: sapporo_factory ---
2026-09-10 18:29:38,674 [INFO] サッポロファクトリー(催事): 14件
2026-09-10 18:29:38,674 [INFO] --- 情報源: movie_theaters ---
2026-09-10 18:31:16,076 [INFO] 映画館(上映中): 48件（うちアニメ映画と判定: 10件）
2026-09-10 18:31:16,077 [INFO] 映画館(上映中) 取得タイトル一覧: ['ルックバック', '5秒で完全犯罪を生成する方法', '最終楽章 響け！ユーフォニアム 後編', '映画「宇宙なんちゃら こてつくん」うっかり出てきた宇宙人を探せ！', 'ASKA CONCERT 2026 昭和が見ていたクリスマス!?', '劇場版 少女☆歌劇 レヴュースタァライト', 'オデュッセイア', '白鳥とコウモリ', 'バックルームズ', 'THE RIBBON HERO リボンヒーロー', '6DAYS', '劇場版 魔法少女まどか☆マギカ 〈ワルプルギスの廻天〉', '時には懺悔を', 'ラスト・サバイバー', 'シェルター', '私はあなたを知らない、', 'гӮӘгғјгӮҜгӮ№гғҲгғӘгғјгғҲгҒ®з•°еӨү гғӯгғјгӮҪгғігғ»гғҰгғҠгӮӨгғҶгғғгғүгӮ·гғҚгғһжңӯе№Ң(жңӯе№Ң) гҒ®дёҠжҳ жҷӮй–“гғ»дёҠжҳ гӮ№гӮұгӮёгғҘгғјгғ«', 'あの星が降る丘で、君とまた出会いたい。', 'ミニオンズ＆モンスターズ', 'ブルーロック', '映画クレヨンしんちゃん 奇々怪々！オラの妖怪バケ～ション', 'モアナと伝説の海', 'スパイダーマン：ブランド・ニュー・デイ', '映画ちいかわ 人魚の島のひみつ', 'キングダム 魂の決戦', 'トイ・ストーリー５', 'Michael／マイケル', 'オアシス：ドント・ルック・バック・イン・アンガー', 'バッファロー’66', 'SAMANSA presents 世界が認めた栄冠のショート傑作選', 'SEKIRO: NO DEFEAT', 'ベベフィン・ザ・ムービー：うたとまほうのピンキッツワールド', 'カーズ', '『獣兵衛忍風帖』4K', 'ホーム スイート ホーム', '劇場版 THE ALFEE 3000PREMIUM トラベリングバンドが刻んだ3000本の奇跡と軌跡', '冴えないボクと映えるキミ', 'ハルバーシュタットの埋蔵金', '平行と垂直', '劇場版 TUBE 40th Anniversary Live & Documentary 〜40周年の航海記〜', '王様戦隊キングオージャー フィルム・コンサート in シネマ', 'グレイ・ミッション', '機動警察パトレイバー EZY File2', 'パウ・パトロール ザ・ダイノ・ムービー', 'だぁれかさんとアソぼ？', '劇場版ブルーロック -EPISODE 凪- TOHOシネマズ', 'ヒプノシスマイク -Division Rap Battle- TOHOシネマズ', '劇場版アイドリッシュセブン LIVE 4bit BEYOND THE PERiOD DAY1 TOHOシネマズ']
2026-09-10 18:31:16,078 [INFO] --- 情報源: upcoming_movies ---
2026-09-10 18:31:46,568 [INFO] 映画館(公開予定): 115件（うちアニメ映画と判定: 5件）
2026-09-10 18:31:46,569 [INFO] 映画館(公開予定) フィルタ前の全件(196件): [('オデュッセイア', '2026年9月11日', ''), ('ルックバック', '2026年9月11日', ''), ('5秒で完全犯罪を生成する方法', '2026年9月11日', ''), ('最終楽章 響け！ユーフォニアム 後編', '2026年9月11日', ''), ('映画「宇宙なんちゃら こてつくん」うっかり出てきた宇宙人を探せ！', '2026年9月11日', ''), ('オアシス：ドント・ルック・バック・イン・アンガー', '2026年9月11日', ''), ('マッチモンド', '2026年9月11日', ''), ('オペレーション：カブール\u3000極限救出48時間', '2026年9月11日', ''), ('私たちは、ちょうどいい。', '2026年9月11日', ''), ('スターヴ・エイカー 召喚', '2026年9月11日', ''), ('ネルソンさん、あなたは人を殺しましたか？', '2026年9月11日', ''), ('Man', '2026年9月11日', ''), ('TAVERNA DE GAGA―人生はまだまだ面白い―', '2026年9月11日', ''), ('SAMANSA presents 世界が認めた栄冠のショート傑作選', '2026年9月11日', ''), ('ノクターン・イン・ブラック', '2026年9月18日', ''), ('リサ・ラーソンがいた時間', '2026年9月18日', ''), ('モネと時間旅行', '2026年9月18日', ''), ('ワンオペレーション', '2026年9月18日', ''), ('カーンターラ 炎の決戦', '2026年9月18日', ''), ('ドラッグストア・カウボーイ デジタルリマスター版', '2026年9月18日', ''), ('オデュッセイア', '2026年9月11日', ''), ('踊る大捜査線 N.E.W. メトロポリスを駆け抜けろ！', '2026年9月18日', ''), ('ルックバック', '2026年9月11日', ''), ('さとこはいつも', '2026年9月18日', ''), ('映画名探偵プリキュア！不思議な庭と2人の秘密', '2026年9月18日', ''), ('八つ墓村', '2026年9月18日', ''), ('踊る大捜査線 N.E.W. メトロポリスを駆け抜けろ！', '2026年9月18日', ''), ('アベンジャーズ／エンドゲーム：アンコール', '2026年9月23日', ''), ('マーダー・イン・ザ・フロント・ロウ～俺たちのベイエリア・スラッシュ物語～', '2026年9月25日', ''), ('デス・バイ・メタル～デス・メタルを作った男～', '2026年9月25日', '')]...
2026-09-10 18:31:46,569 [INFO] --- 情報源: manual ---
2026-09-10 18:31:46,570 [INFO] 手動登録イベント: 4件
2026-09-10 18:31:46,602 [INFO] 新着 2 件を保存しました → C:\Users\user\projects\sapporo-events\data\new_2026-09-10.csv
2026-09-10 18:31:46,621 [INFO] HTMLレポートを更新しました → C:\Users\user\projects\sapporo-events\data\index.html
2026-09-10 18:31:46,624 [INFO] チェック件数(延べ): 568 / 対象カテゴリ一致: 490 / 新着: 2 / AI判定利用: 0件(無効:GEMINI_API_KEY未設定)
2026-09-10 18:31:46,624 [INFO] === 完了 ===
2026-09-11 17:00:06,206 [INFO] === 札幌市中央区 情報収集 開始 ===
2026-09-11 17:00:06,236 [INFO] 手動登録イベント: 4件
2026-09-11 17:00:06,292 [INFO] 既存データ 534 件を最新の分類基準で再判定しました
2026-09-11 17:00:06,292 [INFO] --- 情報源: satsuibe ---
2026-09-11 17:00:12,021 [INFO] サツイベ: 1ページ目 27件
2026-09-11 17:00:14,770 [INFO] サツイベ: 2ページ目 13件
2026-09-11 17:00:17,256 [INFO] サツイベ: 3ページ目 12件
2026-09-11 17:00:19,815 [INFO] サツイベ: 4ページ目 15件
2026-09-11 17:00:22,250 [INFO] サツイベ: 5ページ目 2件
2026-09-11 17:00:24,997 [INFO] サツイベ: 6ページ目 0件
2026-09-11 17:00:24,997 [INFO] --- 情報源: chikaho ---
2026-09-11 17:00:27,067 [INFO] チ・カ・ホ: 0件
2026-09-11 17:00:27,067 [INFO] --- 情報源: cube_garden ---
2026-09-11 17:00:29,325 [INFO] cube garden: 2件（日付らしき記載がある行のみ抽出。要目視確認）
2026-09-11 17:00:29,326 [INFO] --- 情報源: walkerplus_live ---
2026-09-11 17:00:33,307 [INFO] ウォーカープラス(音楽): 10件チェック（メジャー会場/ツアー語句一致のみ後で採用）
2026-09-11 17:00:33,308 [INFO] --- 情報源: walkerplus_anime ---
2026-09-11 17:00:35,213 [INFO] ウォーカープラス(アニメ): 0件チェック（原画展/POP UP等の語句一致のみ後で採用）
2026-09-11 17:00:35,213 [INFO] --- 情報源: eventernote_major ---
2026-09-11 17:01:01,752 [INFO] イベンターノート(主要会場): 300件チェック
2026-09-11 17:01:01,753 [INFO] --- 情報源: mitsukoshi ---
2026-09-11 17:01:03,489 [INFO] 札幌三越(催事): 5件
2026-09-11 17:01:03,489 [INFO] --- 情報源: maruiimai ---
2026-09-11 17:01:05,273 [INFO] 丸井今井札幌本店(催事): 3件
2026-09-11 17:01:05,274 [INFO] --- 情報源: sapporo_factory ---
2026-09-11 17:01:07,050 [INFO] サッポロファクトリー(催事): 15件
2026-09-11 17:01:07,050 [INFO] --- 情報源: movie_theaters ---
2026-09-11 17:02:40,266 [INFO] 映画館(上映中): 42件（うちアニメ映画と判定: 9件）
2026-09-11 17:02:40,301 [INFO] 映画館(上映中) 取得タイトル一覧: ['ルックバック', '5秒で完全犯罪を生成する方法', '最終楽章 響け！ユーフォニアム 後編', '映画「宇宙なんちゃら こてつくん」うっかり出てきた宇宙人を探せ！', 'ASKA CONCERT 2026 昭和が見ていたクリスマス!?', '劇場版 少女☆歌劇 レヴュースタァライト', 'オデュッセイア', '白鳥とコウモリ', 'バックルームズ', 'THE RIBBON HERO リボンヒーロー', '6DAYS', '劇場版 魔法少女まどか☆マギカ 〈ワルプルギスの廻天〉', '時には懺悔を', 'ラスト・サバイバー', 'シェルター', '私はあなたを知らない、', 'オークストリートの異変', 'ブルーロック', 'あの星が降る丘で、君とまた出会いたい。', 'ミニオンズ＆モンスターズ', '映画クレヨンしんちゃん 奇々怪々！オラの妖怪バケ～ション', 'モアナと伝説の海', 'スパイダーマン：ブランド・ニュー・デイ', '映画ちいかわ 人魚の島のひみつ', 'キングダム 魂の決戦', 'トイ・ストーリー５', 'Michael／マイケル', 'オアシス：ドント・ルック・バック・イン・アンガー', 'バッファロー’66', 'SAMANSA presents 世界が認めた栄冠のショート傑作選', 'SEKIRO: NO DEFEAT', 'ベベフィン・ザ・ムービー：うたとまほうのピンキッツワールド', 'カーズ', '『獣兵衛忍風帖』4K', 'ホーム スイート ホーム', '劇場版 THE ALFEE 3000PREMIUM トラベリングバンドが刻んだ3000本の奇跡と軌跡', '冴えないボクと映えるキミ', 'ハルバーシュタットの埋蔵金', '平行と垂直', '劇場版 TUBE 40th Anniversary Live & Documentary 〜40周年の航海記〜', 'パウ・パトロール ザ・ダイノ・ムービー', '劇場版ブルーロック -EPISODE 凪- TOHOシネマズ']
2026-09-11 17:02:40,307 [INFO] --- 情報源: upcoming_movies ---
2026-09-11 17:03:13,947 [INFO] 映画館(公開予定): 103件（うちアニメ映画と判定: 5件）
2026-09-11 17:03:13,948 [INFO] 映画館(公開予定) フィルタ前の全件(183件): [('ノクターン・イン・ブラック', '2026年9月18日', ''), ('リサ・ラーソンがいた時間', '2026年9月18日', ''), ('モネと時間旅行', '2026年9月18日', ''), ('ワンオペレーション', '2026年9月18日', ''), ('カーンターラ 炎の決戦', '2026年9月18日', ''), ('ドラッグストア・カウボーイ デジタルリマスター版', '2026年9月18日', ''), ('さとこはいつも', '2026年9月18日', ''), ('映画名探偵プリキュア！不思議な庭と2人の秘密', '2026年9月18日', ''), ('八つ墓村', '2026年9月18日', ''), ('踊る大捜査線 N.E.W. メトロポリスを駆け抜けろ！', '2026年9月18日', ''), ('アベンジャーズ／エンドゲーム：アンコール', '2026年9月23日', ''), ('マーダー・イン・ザ・フロント・ロウ～俺たちのベイエリア・スラッシュ物語～', '2026年9月25日', ''), ('デス・バイ・メタル～デス・メタルを作った男～', '2026年9月25日', ''), ('眺めのいい部屋 4K', '2026年9月25日', ''), ('ユートピア 狂宴', '2026年9月25日', ''), ('我々は宇宙人', '2026年9月25日', ''), ('undo + PiCNiC 4Kリマスター', '2026年9月25日', ''), ('しびれ', '2026年9月25日', ''), ('縁の手紙', '2026年9月25日', ''), ('ハート・オブ・ビースト', '2026年9月25日', ''), ('オデュッセイア', '2026年9月11日', ''), ('踊る大捜査線 N.E.W. メトロポリスを駆け抜けろ！', '2026年9月18日', ''), ('ルックバック', '2026年9月11日', ''), ('襲名', '2026年9月25日', ''), ('ファーストライド', '2026年9月25日', ''), ('ナギダイアリー', '2026年9月25日', ''), ('シャドウワーク', '2026年9月25日', ''), ('藁にもすがる獣たち', '2026年9月25日', ''), ('マッチング TRUE LOVE', '2026年9月25日', ''), ('雌鶏', '2026年9月25日', '')]...
2026-09-11 17:03:13,949 [INFO] --- 情報源: manual ---
2026-09-11 17:03:13,950 [INFO] 手動登録イベント: 4件
2026-09-11 17:03:14,058 [INFO] 新着 2 件を保存しました → C:\Users\user\projects\sapporo-events\data\new_2026-09-11.csv
2026-09-11 17:03:14,094 [INFO] HTMLレポートを更新しました → C:\Users\user\projects\sapporo-events\data\index.html
2026-09-11 17:03:14,099 [INFO] チェック件数(延べ): 553 / 対象カテゴリ一致: 473 / 新着: 2 / AI判定利用: 0件(無効:GEMINI_API_KEY未設定)
2026-09-11 17:03:14,100 [INFO] === 完了 ===
2026-09-11 17:11:14,293 [INFO] === 札幌市中央区 情報収集 開始 ===
2026-09-11 17:11:14,315 [INFO] 手動登録イベント: 4件
2026-09-11 17:11:14,373 [INFO] 既存データ 536 件を最新の分類基準で再判定しました
2026-09-11 17:11:14,374 [INFO] --- 情報源: satsuibe ---
2026-09-11 17:11:17,518 [INFO] サツイベ: 1ページ目 27件
2026-09-11 17:11:19,856 [INFO] サツイベ: 2ページ目 13件
2026-09-11 17:11:22,173 [INFO] サツイベ: 3ページ目 12件
2026-09-11 17:11:24,495 [INFO] サツイベ: 4ページ目 15件
2026-09-11 17:11:26,772 [INFO] サツイベ: 5ページ目 2件
2026-09-11 17:11:29,048 [INFO] サツイベ: 6ページ目 0件
2026-09-11 17:11:29,048 [INFO] --- 情報源: chikaho ---
2026-09-11 17:11:31,040 [INFO] チ・カ・ホ: 0件
2026-09-11 17:11:31,041 [INFO] --- 情報源: cube_garden ---
2026-09-11 17:11:32,872 [INFO] cube garden: 2件（日付らしき記載がある行のみ抽出。要目視確認）
2026-09-11 17:11:32,872 [INFO] --- 情報源: walkerplus_live ---
2026-09-11 17:11:36,185 [INFO] ウォーカープラス(音楽): 10件チェック（メジャー会場/ツアー語句一致のみ後で採用）
2026-09-11 17:11:36,186 [INFO] --- 情報源: walkerplus_anime ---
2026-09-11 17:11:37,853 [INFO] ウォーカープラス(アニメ): 0件チェック（原画展/POP UP等の語句一致のみ後で採用）
2026-09-11 17:11:37,854 [INFO] --- 情報源: eventernote_major ---
2026-09-11 17:12:04,407 [INFO] イベンターノート(主要会場): 300件チェック
2026-09-11 17:12:04,408 [INFO] --- 情報源: mitsukoshi ---
2026-09-11 17:12:06,161 [INFO] 札幌三越(催事): 5件
2026-09-11 17:12:06,161 [INFO] --- 情報源: maruiimai ---
2026-09-11 17:12:07,935 [INFO] 丸井今井札幌本店(催事): 3件
2026-09-11 17:12:07,935 [INFO] --- 情報源: sapporo_factory ---
2026-09-11 17:12:09,714 [INFO] サッポロファクトリー(催事): 15件
2026-09-11 17:12:09,715 [INFO] --- 情報源: sapporo_parco_popup ---
2026-09-11 17:12:37,537 [INFO] 札幌PARCO(ポップアップ): 23件
2026-09-11 17:12:37,537 [INFO] --- 情報源: stellarplace_popup ---
2026-09-11 17:12:42,555 [INFO] 札幌ステラプレイス(ポップアップ): 0件
2026-09-11 17:12:42,555 [INFO] --- 情報源: apia_popup ---
2026-09-11 17:12:44,241 [INFO] アピア(ポップアップ): 0件
2026-09-11 17:12:44,242 [INFO] --- 情報源: movie_theaters ---
2026-09-11 17:14:01,410 [INFO] 映画館(上映中): 42件（うちアニメ映画と判定: 9件）
2026-09-11 17:14:01,411 [INFO] 映画館(上映中) 取得タイトル一覧: ['ルックバック', '5秒で完全犯罪を生成する方法', '最終楽章 響け！ユーフォニアム 後編', '映画「宇宙なんちゃら こてつくん」うっかり出てきた宇宙人を探せ！', 'ASKA CONCERT 2026 昭和が見ていたクリスマス!?', '劇場版 少女☆歌劇 レヴュースタァライト', 'オデュッセイア', '白鳥とコウモリ', 'バックルームズ', 'THE RIBBON HERO リボンヒーロー', '6DAYS', '劇場版 魔法少女まどか☆マギカ 〈ワルプルギスの廻天〉', '時には懺悔を', 'ラスト・サバイバー', 'シェルター', '私はあなたを知らない、', 'オークストリートの異変', 'ブルーロック', 'あの星が降る丘で、君とまた出会いたい。', 'ミニオンズ＆モンスターズ', '映画クレヨンしんちゃん 奇々怪々！オラの妖怪バケ～ション', 'モアナと伝説の海', 'スパイダーマン：ブランド・ニュー・デイ', '映画ちいかわ 人魚の島のひみつ', 'キングダム 魂の決戦', 'トイ・ストーリー５', 'Michael／マイケル', 'オアシス：ドント・ルック・バック・イン・アンガー', 'バッファロー’66', 'SAMANSA presents 世界が認めた栄冠のショート傑作選', 'SEKIRO: NO DEFEAT', 'ベベフィン・ザ・ムービー：うたとまほうのピンキッツワールド', 'カーズ', '『獣兵衛忍風帖』4K', 'ホーム スイート ホーム', '劇場版 THE ALFEE 3000PREMIUM トラベリングバンドが刻んだ3000本の奇跡と軌跡', '冴えないボクと映えるキミ', 'ハルバーシュタットの埋蔵金', '平行と垂直', '劇場版 TUBE 40th Anniversary Live & Documentary 〜40周年の航海記〜', 'パウ・パトロール ザ・ダイノ・ムービー', '劇場版ブルーロック -EPISODE 凪- TOHOシネマズ']
2026-09-11 17:14:01,411 [INFO] --- 情報源: upcoming_movies ---
2026-09-11 17:14:26,414 [INFO] 映画館(公開予定): 103件（うちアニメ映画と判定: 5件）
2026-09-11 17:14:26,414 [INFO] 映画館(公開予定) フィルタ前の全件(183件): [('ノクターン・イン・ブラック', '2026年9月18日', ''), ('リサ・ラーソンがいた時間', '2026年9月18日', ''), ('モネと時間旅行', '2026年9月18日', ''), ('ワンオペレーション', '2026年9月18日', ''), ('カーンターラ 炎の決戦', '2026年9月18日', ''), ('ドラッグストア・カウボーイ デジタルリマスター版', '2026年9月18日', ''), ('さとこはいつも', '2026年9月18日', ''), ('映画名探偵プリキュア！不思議な庭と2人の秘密', '2026年9月18日', ''), ('八つ墓村', '2026年9月18日', ''), ('踊る大捜査線 N.E.W. メトロポリスを駆け抜けろ！', '2026年9月18日', ''), ('アベンジャーズ／エンドゲーム：アンコール', '2026年9月23日', ''), ('マーダー・イン・ザ・フロント・ロウ～俺たちのベイエリア・スラッシュ物語～', '2026年9月25日', ''), ('デス・バイ・メタル～デス・メタルを作った男～', '2026年9月25日', ''), ('眺めのいい部屋 4K', '2026年9月25日', ''), ('ユートピア 狂宴', '2026年9月25日', ''), ('我々は宇宙人', '2026年9月25日', ''), ('undo + PiCNiC 4Kリマスター', '2026年9月25日', ''), ('しびれ', '2026年9月25日', ''), ('縁の手紙', '2026年9月25日', ''), ('ハート・オブ・ビースト', '2026年9月25日', ''), ('オデュッセイア', '2026年9月11日', ''), ('踊る大捜査線 N.E.W. メトロポリスを駆け抜けろ！', '2026年9月18日', ''), ('ルックバック', '2026年9月11日', ''), ('襲名', '2026年9月25日', ''), ('ファーストライド', '2026年9月25日', ''), ('ナギダイアリー', '2026年9月25日', ''), ('シャドウワーク', '2026年9月25日', ''), ('藁にもすがる獣たち', '2026年9月25日', ''), ('マッチング TRUE LOVE', '2026年9月25日', ''), ('雌鶏', '2026年9月25日', '')]...
2026-09-11 17:14:26,414 [INFO] --- 情報源: manual ---
2026-09-11 17:14:26,415 [INFO] 手動登録イベント: 4件
2026-09-11 17:14:26,433 [INFO] 新着 23 件を保存しました → C:\Users\user\projects\sapporo-events\data\new_2026-09-11.csv
2026-09-11 17:14:26,604 [INFO] HTMLレポートを更新しました → C:\Users\user\projects\sapporo-events\data\index.html
2026-09-11 17:14:26,605 [INFO] チェック件数(延べ): 576 / 対象カテゴリ一致: 496 / 新着: 23 / AI判定利用: 0件(無効:GEMINI_API_KEY未設定)
2026-09-11 17:14:26,606 [INFO] === 完了 ===
2026-09-11 17:15:27,418 [INFO] === 札幌市中央区 情報収集 開始 ===
2026-09-11 17:15:27,421 [INFO] 手動登録イベント: 4件
2026-09-11 17:15:27,454 [INFO] 既存データ 559 件を最新の分類基準で再判定しました
2026-09-11 17:15:27,455 [INFO] --- 情報源: satsuibe ---
2026-09-11 17:15:30,045 [INFO] サツイベ: 1ページ目 27件
2026-09-11 17:15:32,525 [INFO] サツイベ: 2ページ目 13件
2026-09-11 17:15:35,029 [INFO] サツイベ: 3ページ目 12件
2026-09-11 17:15:37,404 [INFO] サツイベ: 4ページ目 15件
2026-09-11 17:15:39,861 [INFO] サツイベ: 5ページ目 2件
2026-09-11 17:15:42,283 [INFO] サツイベ: 6ページ目 0件
2026-09-11 17:15:42,283 [INFO] --- 情報源: chikaho ---
2026-09-11 17:15:44,313 [INFO] チ・カ・ホ: 0件
2026-09-11 17:15:44,314 [INFO] --- 情報源: cube_garden ---
2026-09-11 17:15:46,171 [INFO] cube garden: 2件（日付らしき記載がある行のみ抽出。要目視確認）
2026-09-11 17:15:46,172 [INFO] --- 情報源: walkerplus_live ---
2026-09-11 17:15:49,510 [INFO] ウォーカープラス(音楽): 10件チェック（メジャー会場/ツアー語句一致のみ後で採用）
2026-09-11 17:15:49,511 [INFO] --- 情報源: walkerplus_anime ---
2026-09-11 17:15:51,162 [INFO] ウォーカープラス(アニメ): 0件チェック（原画展/POP UP等の語句一致のみ後で採用）
2026-09-11 17:15:51,162 [INFO] --- 情報源: eventernote_major ---
2026-09-11 17:16:17,823 [INFO] イベンターノート(主要会場): 300件チェック
2026-09-11 17:16:17,823 [INFO] --- 情報源: mitsukoshi ---
2026-09-11 17:16:19,639 [INFO] 札幌三越(催事): 5件
2026-09-11 17:16:19,639 [INFO] --- 情報源: maruiimai ---
2026-09-11 17:16:21,388 [INFO] 丸井今井札幌本店(催事): 3件
2026-09-11 17:16:21,389 [INFO] --- 情報源: sapporo_factory ---
2026-09-11 17:16:23,188 [INFO] サッポロファクトリー(催事): 15件
2026-09-11 17:16:23,189 [INFO] --- 情報源: sapporo_parco_popup ---
2026-09-11 17:16:49,892 [INFO] 札幌PARCO(ポップアップ): 23件
2026-09-11 17:16:49,892 [INFO] --- 情報源: stellarplace_popup ---
2026-09-11 17:16:54,882 [INFO] 札幌ステラプレイス(ポップアップ): 0件
2026-09-11 17:16:54,883 [INFO] --- 情報源: apia_popup ---
2026-09-11 17:16:56,546 [INFO] アピア(ポップアップ): 0件
2026-09-11 17:16:56,546 [INFO] --- 情報源: movie_theaters ---
2026-09-11 17:18:13,196 [INFO] 映画館(上映中): 42件（うちアニメ映画と判定: 9件）
2026-09-11 17:18:13,197 [INFO] 映画館(上映中) 取得タイトル一覧: ['ルックバック', '5秒で完全犯罪を生成する方法', '最終楽章 響け！ユーフォニアム 後編', '映画「宇宙なんちゃら こてつくん」うっかり出てきた宇宙人を探せ！', 'ASKA CONCERT 2026 昭和が見ていたクリスマス!?', '劇場版 少女☆歌劇 レヴュースタァライト', 'オデュッセイア', '白鳥とコウモリ', 'バックルームズ', 'THE RIBBON HERO リボンヒーロー', '6DAYS', '劇場版 魔法少女まどか☆マギカ 〈ワルプルギスの廻天〉', '時には懺悔を', 'ラスト・サバイバー', 'シェルター', '私はあなたを知らない、', 'オークストリートの異変', 'ブルーロック', 'あの星が降る丘で、君とまた出会いたい。', 'ミニオンズ＆モンスターズ', '映画クレヨンしんちゃん 奇々怪々！オラの妖怪バケ～ション', 'モアナと伝説の海', 'スパイダーマン：ブランド・ニュー・デイ', '映画ちいかわ 人魚の島のひみつ', 'キングダム 魂の決戦', 'トイ・ストーリー５', 'Michael／マイケル', 'オアシス：ドント・ルック・バック・イン・アンガー', 'バッファロー’66', 'SAMANSA presents 世界が認めた栄冠のショート傑作選', 'SEKIRO: NO DEFEAT', 'ベベフィン・ザ・ムービー：うたとまほうのピンキッツワールド', 'カーズ', '『獣兵衛忍風帖』4K', 'ホーム スイート ホーム', '劇場版 THE ALFEE 3000PREMIUM トラベリングバンドが刻んだ3000本の奇跡と軌跡', '冴えないボクと映えるキミ', 'ハルバーシュタットの埋蔵金', '平行と垂直', '劇場版 TUBE 40th Anniversary Live & Documentary 〜40周年の航海記〜', 'パウ・パトロール ザ・ダイノ・ムービー', '劇場版ブルーロック -EPISODE 凪- TOHOシネマズ']
2026-09-11 17:18:13,197 [INFO] --- 情報源: upcoming_movies ---
2026-09-11 17:18:38,260 [INFO] 映画館(公開予定): 103件（うちアニメ映画と判定: 5件）
2026-09-11 17:18:38,260 [INFO] 映画館(公開予定) フィルタ前の全件(183件): [('ノクターン・イン・ブラック', '2026年9月18日', ''), ('リサ・ラーソンがいた時間', '2026年9月18日', ''), ('モネと時間旅行', '2026年9月18日', ''), ('ワンオペレーション', '2026年9月18日', ''), ('カーンターラ 炎の決戦', '2026年9月18日', ''), ('ドラッグストア・カウボーイ デジタルリマスター版', '2026年9月18日', ''), ('さとこはいつも', '2026年9月18日', ''), ('映画名探偵プリキュア！不思議な庭と2人の秘密', '2026年9月18日', ''), ('八つ墓村', '2026年9月18日', ''), ('踊る大捜査線 N.E.W. メトロポリスを駆け抜けろ！', '2026年9月18日', ''), ('アベンジャーズ／エンドゲーム：アンコール', '2026年9月23日', ''), ('マーダー・イン・ザ・フロント・ロウ～俺たちのベイエリア・スラッシュ物語～', '2026年9月25日', ''), ('デス・バイ・メタル～デス・メタルを作った男～', '2026年9月25日', ''), ('眺めのいい部屋 4K', '2026年9月25日', ''), ('ユートピア 狂宴', '2026年9月25日', ''), ('我々は宇宙人', '2026年9月25日', ''), ('undo + PiCNiC 4Kリマスター', '2026年9月25日', ''), ('しびれ', '2026年9月25日', ''), ('縁の手紙', '2026年9月25日', ''), ('ハート・オブ・ビースト', '2026年9月25日', ''), ('オデュッセイア', '2026年9月11日', ''), ('踊る大捜査線 N.E.W. メトロポリスを駆け抜けろ！', '2026年9月18日', ''), ('ルックバック', '2026年9月11日', ''), ('襲名', '2026年9月25日', ''), ('ファーストライド', '2026年9月25日', ''), ('ナギダイアリー', '2026年9月25日', ''), ('シャドウワーク', '2026年9月25日', ''), ('藁にもすがる獣たち', '2026年9月25日', ''), ('マッチング TRUE LOVE', '2026年9月25日', ''), ('雌鶏', '2026年9月25日', '')]...
2026-09-11 17:18:38,261 [INFO] --- 情報源: manual ---
2026-09-11 17:18:38,262 [INFO] 手動登録イベント: 4件
2026-09-11 17:18:38,269 [INFO] 新着情報はありませんでした。
2026-09-11 17:18:38,289 [INFO] HTMLレポートを更新しました → C:\Users\user\projects\sapporo-events\data\index.html
2026-09-11 17:18:38,290 [INFO] チェック件数(延べ): 576 / 対象カテゴリ一致: 496 / 新着: 0 / AI判定利用: 0件(無効:GEMINI_API_KEY未設定)
2026-09-11 17:18:38,291 [INFO] === 完了 ===
2026-09-12 16:14:37,299 [INFO] === 札幌市中央区 情報収集 開始 ===
2026-09-12 16:14:37,327 [INFO] 手動登録イベント: 4件
2026-09-12 16:14:37,376 [INFO] 既存データ 559 件を最新の分類基準で再判定しました
2026-09-12 16:14:37,377 [INFO] --- 情報源: satsuibe ---
2026-09-12 16:14:40,481 [INFO] サツイベ: 1ページ目 27件
2026-09-12 16:14:42,841 [INFO] サツイベ: 2ページ目 13件
2026-09-12 16:14:45,315 [INFO] サツイベ: 3ページ目 12件
2026-09-12 16:14:47,714 [INFO] サツイベ: 4ページ目 15件
2026-09-12 16:14:51,005 [INFO] サツイベ: 5ページ目 3件
2026-09-12 16:14:53,321 [INFO] サツイベ: 6ページ目 0件
2026-09-12 16:14:53,321 [INFO] --- 情報源: chikaho ---
2026-09-12 16:14:55,300 [INFO] チ・カ・ホ: 0件
2026-09-12 16:14:55,301 [INFO] --- 情報源: cube_garden ---
2026-09-12 16:14:57,117 [INFO] cube garden: 2件（日付らしき記載がある行のみ抽出。要目視確認）
2026-09-12 16:14:57,117 [INFO] --- 情報源: walkerplus_live ---
2026-09-12 16:15:00,982 [INFO] ウォーカープラス(音楽): 10件チェック（メジャー会場/ツアー語句一致のみ後で採用）
2026-09-12 16:15:00,982 [INFO] --- 情報源: walkerplus_anime ---
2026-09-12 16:15:02,952 [INFO] ウォーカープラス(アニメ): 0件チェック（原画展/POP UP等の語句一致のみ後で採用）
2026-09-12 16:15:02,952 [INFO] --- 情報源: eventernote_major ---
2026-09-12 16:15:29,149 [INFO] イベンターノート(主要会場): 300件チェック
2026-09-12 16:15:29,149 [INFO] --- 情報源: mitsukoshi ---
2026-09-12 16:15:30,909 [INFO] 札幌三越(催事): 6件
2026-09-12 16:15:30,910 [INFO] --- 情報源: maruiimai ---
2026-09-12 16:15:32,670 [INFO] 丸井今井札幌本店(催事): 4件
2026-09-12 16:15:32,671 [INFO] --- 情報源: sapporo_factory ---
2026-09-12 16:15:34,446 [INFO] サッポロファクトリー(催事): 14件
2026-09-12 16:15:34,446 [INFO] --- 情報源: sapporo_parco_popup ---
2026-09-12 16:16:02,355 [INFO] 札幌PARCO(ポップアップ): 23件
2026-09-12 16:16:02,355 [INFO] --- 情報源: stellarplace_popup ---
2026-09-12 16:16:07,512 [INFO] 札幌ステラプレイス(ポップアップ): 0件
2026-09-12 16:16:07,513 [INFO] --- 情報源: apia_popup ---
2026-09-12 16:16:09,206 [INFO] アピア(ポップアップ): 0件
2026-09-12 16:16:09,207 [INFO] --- 情報源: daimaru_sapporo_popup ---
2026-09-12 16:16:21,277 [INFO] 大丸札幌店(SHOP BLOG): 5件チェック（アニメ/ゲーム/漫画関連の絞り込みは後でclassify()が行う）
2026-09-12 16:16:21,278 [INFO] --- 情報源: tanukikoji_popup ---
2026-09-12 16:16:31,012 [INFO] 狸小路商店街(ニュース&イベント): 0件チェック（アニメ/ゲーム/漫画関連の絞り込みは後でclassify()が行う）
2026-09-12 16:16:31,012 [INFO] --- 情報源: movie_theaters ---
2026-09-12 16:17:54,588 [INFO] 映画館(上映中): 42件（うちアニメ映画と判定: 9件）
2026-09-12 16:17:54,595 [INFO] 映画館(上映中) 取得タイトル一覧: ['ルックバック', '5秒で完全犯罪を生成する方法', '最終楽章 響け！ユーフォニアム 後編', '映画「宇宙なんちゃら こてつくん」うっかり出てきた宇宙人を探せ！', 'ASKA CONCERT 2026 昭和が見ていたクリスマス!?', '劇場版 少女☆歌劇 レヴュースタァライト', 'オデュッセイア', '白鳥とコウモリ', 'バックルームズ', 'THE RIBBON HERO リボンヒーロー', '6DAYS', '劇場版 魔法少女まどか☆マギカ 〈ワルプルギスの廻天〉', '時には懺悔を', 'ラスト・サバイバー', 'シェルター', '私はあなたを知らない、', 'オークストリートの異変', 'ブルーロック', 'あの星が降る丘で、君とまた出会いたい。', 'ミニオンズ＆モンスターズ', '映画クレヨンしんちゃん 奇々怪々！オラの妖怪バケ～ション', 'モアナと伝説の海', 'スパイダーマン：ブランド・ニュー・デイ', '映画ちいかわ 人魚の島のひみつ', 'キングダム 魂の決戦', 'トイ・ストーリー５', 'Michael／マイケル', 'オアシス：ドント・ルック・バック・イン・アンガー', 'バッファロー’66', 'SAMANSA presents 世界が認めた栄冠のショート傑作選', 'SEKIRO: NO DEFEAT', 'ベベフィン・ザ・ムービー：うたとまほうのピンキッツワールド', 'カーズ', '『獣兵衛忍風帖』4K', 'ホーム スイート ホーム', '劇場版 THE ALFEE 3000PREMIUM トラベリングバンドが刻んだ3000本の奇跡と軌跡', '冴えないボクと映えるキミ', 'ハルバーシュタットの埋蔵金', '平行と垂直', '劇場版 TUBE 40th Anniversary Live & Documentary 〜40周年の航海記〜', 'パウ・パトロール ザ・ダイノ・ムービー', '劇場版ブルーロック -EPISODE 凪- TOHOシネマズ']
2026-09-12 16:17:54,595 [INFO] --- 情報源: upcoming_movies ---
2026-09-12 16:18:24,591 [INFO] 映画館(公開予定): 101件（うちアニメ映画と判定: 5件）
2026-09-12 16:18:24,591 [INFO] 映画館(公開予定) フィルタ前の全件(183件): [('踊る大捜査線 N.E.W. メトロポリスを駆け抜けろ！', '2026年9月18日', ''), ('モネと時間旅行', '2026年9月18日', ''), ('カーンターラ 炎の決戦', '2026年9月18日', ''), ('ドラッグストア・カウボーイ デジタルリマスター版', '2026年9月18日', ''), ('ノクターン・イン・ブラック', '2026年9月18日', ''), ('リサ・ラーソンがいた時間', '2026年9月18日', ''), ('ワンオペレーション', '2026年9月18日', ''), ('さとこはいつも', '2026年9月18日', ''), ('映画名探偵プリキュア！不思議な庭と2人の秘密', '2026年9月18日', ''), ('八つ墓村', '2026年9月18日', ''), ('アベンジャーズ／エンドゲーム：アンコール', '2026年9月23日', ''), ('マーダー・イン・ザ・フロント・ロウ～俺たちのベイエリア・スラッシュ物語～', '2026年9月25日', ''), ('デス・バイ・メタル～デス・メタルを作った男～', '2026年9月25日', ''), ('眺めのいい部屋 4K', '2026年9月25日', ''), ('ユートピア 狂宴', '2026年9月25日', ''), ('我々は宇宙人', '2026年9月25日', ''), ('undo + PiCNiC 4Kリマスター', '2026年9月25日', ''), ('しびれ', '2026年9月25日', ''), ('縁の手紙', '2026年9月25日', ''), ('ハート・オブ・ビースト', '2026年9月25日', ''), ('mentor', '2026年10月16日', ''), ('踊る大捜査線 N.E.W. メトロポリスを駆け抜けろ！', '2026年9月18日', ''), ('オデュッセイア', '2026年9月11日', ''), ('襲名', '2026年9月25日', ''), ('ファーストライド', '2026年9月25日', ''), ('ナギダイアリー', '2026年9月25日', ''), ('シャドウワーク', '2026年9月25日', ''), ('藁にもすがる獣たち', '2026年9月25日', ''), ('マッチング TRUE LOVE', '2026年9月25日', ''), ('雌鶏', '2026年9月25日', '')]...
2026-09-12 16:18:24,592 [INFO] --- 情報源: manual ---
2026-09-12 16:18:24,592 [INFO] 手動登録イベント: 4件
2026-09-12 16:18:24,609 [INFO] 新着 1 件を保存しました → C:\Users\user\projects\sapporo-events\data\new_2026-09-12.csv
2026-09-12 16:18:24,626 [INFO] HTMLレポートを更新しました → C:\Users\user\projects\sapporo-events\data\index.html
2026-09-12 16:18:24,628 [INFO] チェック件数(延べ): 581 / 対象カテゴリ一致: 473 / 新着: 1 / AI判定利用: 0件(無効:GEMINI_API_KEY未設定)
2026-09-12 16:18:24,628 [INFO] === 完了 ===
2026-09-12 16:33:13,054 [INFO] === 札幌市中央区 情報収集 開始 ===
2026-09-12 16:33:13,074 [INFO] 手動登録イベント: 4件
2026-09-12 16:33:13,129 [INFO] 既存データ 560 件を最新の分類基準で再判定しました
2026-09-12 16:33:13,130 [INFO] --- 情報源: satsuibe ---
2026-09-12 16:33:15,987 [WARNING] Gemini API 呼び出し失敗(試行1回目、再試行します): 'latin-1' codec can't encode characters in position 0-5: ordinal not in range(256)
2026-09-12 16:33:23,562 [WARNING] Gemini API 呼び出し失敗(試行2回目、再試行します): 'latin-1' codec can't encode characters in position 0-5: ordinal not in range(256)
2026-09-12 16:33:35,637 [WARNING] Gemini API 呼び出し失敗(再試行含め断念): 'latin-1' codec can't encode characters in position 0-5: ordinal not in range(256)
2026-09-12 16:33:35,709 [WARNING] Gemini API 呼び出し失敗(試行1回目、再試行します): 'latin-1' codec can't encode characters in position 0-5: ordinal not in range(256)
2026-09-12 16:33:43,281 [WARNING] Gemini API 呼び出し失敗(試行2回目、再試行します): 'latin-1' codec can't encode characters in position 0-5: ordinal not in range(256)
2026-09-12 16:33:55,356 [WARNING] Gemini API 呼び出し失敗(再試行含め断念): 'latin-1' codec can't encode characters in position 0-5: ordinal not in range(256)
2026-09-12 16:33:55,431 [WARNING] Gemini API 呼び出し失敗(試行1回目、再試行します): 'latin-1' codec can't encode characters in position 0-5: ordinal not in range(256)
2026-09-12 16:34:03,038 [WARNING] Gemini API 呼び出し失敗(試行2回目、再試行します): 'latin-1' codec can't encode characters in position 0-5: ordinal not in range(256)
2026-09-12 16:34:15,110 [WARNING] Gemini API 呼び出し失敗(再試行含め断念): 'latin-1' codec can't encode characters in position 0-5: ordinal not in range(256)
2026-09-12 16:34:15,188 [WARNING] Gemini API 呼び出し失敗(試行1回目、再試行します): 'latin-1' codec can't encode characters in position 0-5: ordinal not in range(256)
2026-09-12 16:34:22,770 [WARNING] Gemini API 呼び出し失敗(試行2回目、再試行します): 'latin-1' codec can't encode characters in position 0-5: ordinal not in range(256)
2026-09-12 16:34:34,847 [WARNING] Gemini API 呼び出し失敗(再試行含め断念): 'latin-1' codec can't encode characters in position 0-5: ordinal not in range(256)
2026-09-12 16:34:34,916 [WARNING] Gemini API 呼び出し失敗(試行1回目、再試行します): 'latin-1' codec can't encode characters in position 0-5: ordinal not in range(256)
2026-09-12 16:34:42,502 [WARNING] Gemini API 呼び出し失敗(試行2回目、再試行します): 'latin-1' codec can't encode characters in position 0-5: ordinal not in range(256)
2026-09-12 16:37:38,643 [INFO] === 札幌市中央区 情報収集 開始 ===
2026-09-12 16:37:38,662 [INFO] 手動登録イベント: 4件
2026-09-12 16:37:38,703 [INFO] 既存データ 560 件を最新の分類基準で再判定しました
2026-09-12 16:37:38,704 [INFO] --- 情報源: satsuibe ---
2026-09-12 16:38:26,993 [WARNING] Gemini API 呼び出し失敗(試行1回目、再試行します): 503 Server Error: Service Unavailable for url: https://generativelanguage.googleapis.com/v1beta/models/gemini-flash-latest:generateContent
2026-09-12 16:38:34,812 [WARNING] Gemini API 呼び出し失敗(試行2回目、再試行します): 429 Client Error: Too Many Requests for url: https://generativelanguage.googleapis.com/v1beta/models/gemini-flash-latest:generateContent
2026-09-12 16:39:29,518 [WARNING] Gemini API 呼び出し失敗(試行1回目、再試行します): 503 Server Error: Service Unavailable for url: https://generativelanguage.googleapis.com/v1beta/models/gemini-flash-latest:generateContent
2026-09-12 16:39:37,344 [WARNING] Gemini API 呼び出し失敗(試行2回目、再試行します): 429 Client Error: Too Many Requests for url: https://generativelanguage.googleapis.com/v1beta/models/gemini-flash-latest:generateContent
2026-09-12 16:42:16,350 [INFO] === 札幌市中央区 情報収集 開始 ===
2026-09-12 16:42:16,353 [INFO] 手動登録イベント: 4件
2026-09-12 16:42:16,398 [INFO] 既存データ 560 件を最新の分類基準で再判定しました
2026-09-12 16:42:16,398 [INFO] --- 情報源: satsuibe ---
2026-09-12 16:42:35,135 [WARNING] Gemini API 呼び出し失敗(試行1回目、再試行します): 429 Client Error: Too Many Requests for url: https://generativelanguage.googleapis.com/v1beta/models/gemini-flash-latest:generateContent
2026-09-12 16:45:39,578 [INFO] === 札幌市中央区 情報収集 開始 ===
2026-09-12 16:45:39,582 [INFO] 手動登録イベント: 4件
2026-09-12 16:45:39,627 [INFO] 既存データ 560 件を最新の分類基準で再判定しました
2026-09-12 16:45:39,627 [INFO] --- 情報源: satsuibe ---
2026-09-12 16:45:52,441 [WARNING] Gemini応答のJSON解析に失敗: Unterminated string starting at: line 1 column 20 (char 19) / 応答内容: '{"categories": [], "bl'
2026-09-12 16:46:05,099 [WARNING] Gemini応答のJSON解析に失敗: Expecting value: line 1 column 28 (char 27) / 応答内容: '{"categories": [], "blurb":'
2026-09-12 16:46:14,954 [WARNING] Gemini応答のJSON解析に失敗: Expecting value: line 1 column 28 (char 27) / 応答内容: '{"categories": [], "blurb":'
2026-09-12 16:46:26,028 [WARNING] Gemini応答のJSON解析に失敗: Expecting value: line 1 column 28 (char 27) / 応答内容: '{"categories": [], "blurb":'
2026-09-12 16:46:34,844 [WARNING] Gemini応答のJSON解析に失敗: Unterminated string starting at: line 1 column 20 (char 19) / 応答内容: '{"categories": [], "bl'
2026-09-12 16:46:47,053 [WARNING] Gemini応答のJSON解析に失敗: Unterminated string starting at: line 1 column 20 (char 19) / 応答内容: '{"categories": [], "blurb'
2026-09-12 16:47:22,315 [WARNING] Gemini応答のJSON解析に失敗: Unterminated string starting at: line 1 column 20 (char 19) / 応答内容: '{"categories": [], "'
2026-09-12 16:47:30,647 [WARNING] Gemini応答のJSON解析に失敗: Expecting value: line 1 column 15 (char 14) / 応答内容: '{"categories":'
2026-09-12 16:47:57,304 [INFO] === 札幌市中央区 情報収集 開始 ===
2026-09-12 16:47:57,307 [INFO] 手動登録イベント: 4件
2026-09-12 16:47:57,339 [INFO] 既存データ 560 件を最新の分類基準で再判定しました
2026-09-12 16:47:57,339 [INFO] --- 情報源: satsuibe ---
2026-09-12 16:48:21,585 [WARNING] Gemini API 呼び出し失敗(試行1回目、20秒待って再試行します): 503 Server Error: Service Unavailable for url: https://generativelanguage.googleapis.com/v1beta/models/gemini-3.5-flash:generateContent
2026-09-12 16:49:44,224 [WARNING] Gemini API 呼び出し失敗(試行1回目、20秒待って再試行します): 429 Client Error: Too Many Requests for url: https://generativelanguage.googleapis.com/v1beta/models/gemini-3.5-flash:generateContent
2026-09-12 16:53:41,910 [INFO] === 札幌市中央区 情報収集 開始 ===
2026-09-12 16:53:41,911 [INFO] 手動登録イベント: 4件
2026-09-12 16:53:41,947 [INFO] 既存データ 560 件を最新の分類基準で再判定しました
2026-09-12 16:53:41,948 [INFO] --- 情報源: satsuibe ---
2026-09-12 16:53:44,698 [INFO] サツイベ: 1ページ目 27件
2026-09-12 16:53:47,073 [INFO] サツイベ: 2ページ目 13件
2026-09-12 16:53:49,516 [INFO] サツイベ: 3ページ目 12件
2026-09-12 16:53:51,937 [INFO] サツイベ: 4ページ目 15件
2026-09-12 16:53:54,320 [INFO] サツイベ: 5ページ目 3件
2026-09-12 16:53:56,808 [INFO] サツイベ: 6ページ目 0件
2026-09-12 16:53:56,808 [INFO] --- 情報源: chikaho ---
2026-09-12 16:53:58,780 [INFO] チ・カ・ホ: 0件
2026-09-12 16:53:58,780 [INFO] --- 情報源: cube_garden ---
2026-09-12 16:54:00,584 [INFO] cube garden: 2件（日付らしき記載がある行のみ抽出。要目視確認）
2026-09-12 16:54:00,584 [INFO] --- 情報源: walkerplus_live ---
2026-09-12 16:54:03,915 [INFO] ウォーカープラス(音楽): 10件チェック（メジャー会場/ツアー語句一致のみ後で採用）
2026-09-12 16:54:03,916 [INFO] --- 情報源: walkerplus_anime ---
2026-09-12 16:54:05,571 [INFO] ウォーカープラス(アニメ): 0件チェック（原画展/POP UP等の語句一致のみ後で採用）
2026-09-12 16:54:05,572 [INFO] --- 情報源: eventernote_major ---
2026-09-12 16:54:24,143 [INFO] イベンターノート(主要会場): 300件チェック
2026-09-12 16:54:24,143 [INFO] --- 情報源: mitsukoshi ---
2026-09-12 16:54:29,813 [INFO] 札幌三越(催事): 6件
2026-09-12 16:54:29,813 [INFO] --- 情報源: maruiimai ---
2026-09-12 16:54:31,559 [INFO] 丸井今井札幌本店(催事): 4件
2026-09-12 16:54:31,559 [INFO] --- 情報源: sapporo_factory ---
2026-09-12 16:54:33,333 [INFO] サッポロファクトリー(催事): 14件
2026-09-12 16:54:33,333 [INFO] --- 情報源: sapporo_parco_popup ---
2026-09-12 16:55:01,722 [INFO] 札幌PARCO(ポップアップ): 23件
2026-09-12 16:55:01,723 [INFO] --- 情報源: stellarplace_popup ---
2026-09-12 16:55:06,792 [INFO] 札幌ステラプレイス(ポップアップ): 0件
2026-09-12 16:55:06,793 [INFO] --- 情報源: apia_popup ---
2026-09-12 16:55:08,482 [INFO] アピア(ポップアップ): 0件
2026-09-12 16:55:08,482 [INFO] --- 情報源: daimaru_sapporo_popup ---
2026-09-12 16:55:19,708 [INFO] 大丸札幌店(SHOP BLOG): 5件チェック（アニメ/ゲーム/漫画関連の絞り込みは後でclassify()が行う）
2026-09-12 16:55:19,708 [INFO] --- 情報源: tanukikoji_popup ---
2026-09-12 16:55:29,469 [INFO] 狸小路商店街(ニュース&イベント): 0件チェック（アニメ/ゲーム/漫画関連の絞り込みは後でclassify()が行う）
2026-09-12 16:55:29,470 [INFO] --- 情報源: movie_theaters ---
2026-09-12 16:56:54,843 [INFO] 映画館(上映中): 42件（うちアニメ映画と判定: 9件）
2026-09-12 16:56:54,844 [INFO] 映画館(上映中) 取得タイトル一覧: ['ルックバック', '5秒で完全犯罪を生成する方法', '最終楽章 響け！ユーフォニアム 後編', '映画「宇宙なんちゃら こてつくん」うっかり出てきた宇宙人を探せ！', 'ASKA CONCERT 2026 昭和が見ていたクリスマス!?', '劇場版 少女☆歌劇 レヴュースタァライト', 'オデュッセイア', '白鳥とコウモリ', 'バックルームズ', 'THE RIBBON HERO リボンヒーロー', '6DAYS', '劇場版 魔法少女まどか☆マギカ 〈ワルプルギスの廻天〉', '時には懺悔を', 'ラスト・サバイバー', 'シェルター', '私はあなたを知らない、', 'オークストリートの異変', 'ブルーロック', 'あの星が降る丘で、君とまた出会いたい。', 'ミニオンズ＆モンスターズ', '映画クレヨンしんちゃん 奇々怪々！オラの妖怪バケ～ション', 'モアナと伝説の海', 'スパイダーマン：ブランド・ニュー・デイ', '映画ちいかわ 人魚の島のひみつ', 'キングダム 魂の決戦', 'トイ・ストーリー５', 'Michael／マイケル', 'オアシス：ドント・ルック・バック・イン・アンガー', 'バッファロー’66', 'SAMANSA presents 世界が認めた栄冠のショート傑作選', 'SEKIRO: NO DEFEAT', 'ベベフィン・ザ・ムービー：うたとまほうのピンキッツワールド', 'カーズ', '『獣兵衛忍風帖』4K', 'ホーム スイート ホーム', '劇場版 THE ALFEE 3000PREMIUM トラベリングバンドが刻んだ3000本の奇跡と軌跡', '冴えないボクと映えるキミ', 'ハルバーシュタットの埋蔵金', '平行と垂直', '劇場版 TUBE 40th Anniversary Live & Documentary 〜40周年の航海記〜', 'パウ・パトロール ザ・ダイノ・ムービー', '劇場版ブルーロック -EPISODE 凪- TOHOシネマズ']
2026-09-12 16:56:54,844 [INFO] --- 情報源: upcoming_movies ---
2026-09-12 16:57:19,786 [INFO] 映画館(公開予定): 101件（うちアニメ映画と判定: 5件）
2026-09-12 16:57:19,786 [INFO] 映画館(公開予定) フィルタ前の全件(183件): [('踊る大捜査線 N.E.W. メトロポリスを駆け抜けろ！', '2026年9月18日', ''), ('モネと時間旅行', '2026年9月18日', ''), ('カーンターラ 炎の決戦', '2026年9月18日', ''), ('ドラッグストア・カウボーイ デジタルリマスター版', '2026年9月18日', ''), ('ノクターン・イン・ブラック', '2026年9月18日', ''), ('リサ・ラーソンがいた時間', '2026年9月18日', ''), ('ワンオペレーション', '2026年9月18日', ''), ('さとこはいつも', '2026年9月18日', ''), ('映画名探偵プリキュア！不思議な庭と2人の秘密', '2026年9月18日', ''), ('八つ墓村', '2026年9月18日', ''), ('アベンジャーズ／エンドゲーム：アンコール', '2026年9月23日', ''), ('マーダー・イン・ザ・フロント・ロウ～俺たちのベイエリア・スラッシュ物語～', '2026年9月25日', ''), ('デス・バイ・メタル～デス・メタルを作った男～', '2026年9月25日', ''), ('眺めのいい部屋 4K', '2026年9月25日', ''), ('ユートピア 狂宴', '2026年9月25日', ''), ('我々は宇宙人', '2026年9月25日', ''), ('undo + PiCNiC 4Kリマスター', '2026年9月25日', ''), ('しびれ', '2026年9月25日', ''), ('縁の手紙', '2026年9月25日', ''), ('ハート・オブ・ビースト', '2026年9月25日', ''), ('mentor', '2026年10月16日', ''), ('踊る大捜査線 N.E.W. メトロポリスを駆け抜けろ！', '2026年9月18日', ''), ('オデュッセイア', '2026年9月11日', ''), ('襲名', '2026年9月25日', ''), ('ファーストライド', '2026年9月25日', ''), ('ナギダイアリー', '2026年9月25日', ''), ('シャドウワーク', '2026年9月25日', ''), ('藁にもすがる獣たち', '2026年9月25日', ''), ('マッチング TRUE LOVE', '2026年9月25日', ''), ('雌鶏', '2026年9月25日', '')]...
2026-09-12 16:57:19,787 [INFO] --- 情報源: manual ---
2026-09-12 16:57:19,788 [INFO] 手動登録イベント: 4件
2026-09-12 16:57:19,796 [INFO] 新着情報はありませんでした。
2026-09-12 16:57:19,815 [INFO] HTMLレポートを更新しました → C:\Users\user\projects\sapporo-events\data\index.html
2026-09-12 16:57:19,817 [INFO] チェック件数(延べ): 581 / 対象カテゴリ一致: 474 / 新着: 0 / AI判定利用: 0件(無効:GEMINI_API_KEY未設定)
2026-09-12 16:57:19,817 [INFO] === 完了 ===
